location,year,month,day,mean_windspeed,wind_direction,mean_tempurature,humidity,rainfall,duration,color
Shek Kong,2019,1,1,8.5,60,12.1,69,0,0,Green
Shek Kong,2019,1,2,8.5,70,13.2,67,0.5,0,Green
Shek Kong,2019,1,3,7.9,70,13.7,82,0,0,Green
Shek Kong,2019,1,4,5,90,19.1,81,0,0,Green
Shek Kong,2019,1,5,1,290,19.2,88,0,0,Green
Shek Kong,2019,1,6,7,70,17.5,79,0,0,Green
Shek Kong,2019,1,7,2.4,100,18.6,83,0,0,Green
Shek Kong,2019,1,8,3.7,70,19.2,77,0,0,Green
Shek Kong,2019,1,9,6.3,80,18.6,76,0,0,Green
Shek Kong,2019,1,10,5.9,90,20.2,78,0,0,Green
Shek Kong,2019,1,11,1.4,100,21.2,83,0,0,Green
Shek Kong,2019,1,12,1.9,300,20.8,85,0,0,Green
Shek Kong,2019,1,13,7.5,90,19.5,85,0,0,Green
Shek Kong,2019,1,14,5.5,90,19.5,82,0,0,Green
Shek Kong,2019,1,15,5,60,19.2,85,7.5,0,Green
Shek Kong,2019,1,16,10.8,50,16.1,69,0,0,Green
Shek Kong,2019,1,17,8.4,60,15.8,66,0,0,Green
Shek Kong,2019,1,18,5.5,70,16.2,71,0,0,Green
Shek Kong,2019,1,19,3.5,100,19.2,74,0,0,Green
Shek Kong,2019,1,20,3.5,80,21.3,72,0,0,Green
Shek Kong,2019,1,21,10.4,50,16.9,61,0,0,Green
Shek Kong,2019,1,22,8.5,60,14.3,51,0,0,Green
Shek Kong,2019,1,23,1.4,240,14,65,0,0,Green
Shek Kong,2019,1,24,5.1,90,16,68,0,0,Green
Shek Kong,2019,1,25,1.3,300,17.2,71,0,0,Green
Shek Kong,2019,1,26,5,90,17.6,70,0,0,Green
Shek Kong,2019,1,27,7.3,90,17.3,66,0,0,Green
Shek Kong,2019,1,28,8.4,100,17.6,64,0,0,Green
Shek Kong,2019,1,29,5.8,80,17.5,69,0,0,Green
Shek Kong,2019,1,30,3.8,80,18.1,***,0,0,Green
Shek Kong,2019,1,31,2.5,310,20.6,***,0,0,Green
Shek Kong,2019,2,1,10.6,60,17.6,***,0,0,Green
Shek Kong,2019,2,2,9.4,70,19.6,***,0,0,Green
Shek Kong,2019,2,3,1.2,280,21.7,***,0,0,Green
Shek Kong,2019,2,4,7.3,90,20.8,***,0,0,Green
Shek Kong,2019,2,5,5.4,90,21.2,***,0,0,Green
Shek Kong,2019,2,6,3.5,200,22.6,***,0,0,Green
Shek Kong,2019,2,7,3.3,190,23.5,***,0,0,Green
Shek Kong,2019,2,8,8.2,70,21.3,***,0,0,Green
Shek Kong,2019,2,9,10.7,90,21.4,***,0,0,Green
Shek Kong,2019,2,10,15.7,80,19.6,***,0,0,Green
Shek Kong,2019,2,11,8.1,60,17.2,***,0,0,Green
Shek Kong,2019,2,12,7,100,19.1,***,0,0,Green
Shek Kong,2019,2,13,2.4,100,21.2,***,0,0,Green
Shek Kong,2019,2,14,13.6,90,21.7,***,0,0,Green
Shek Kong,2019,2,15,7.8,90,21.4,***,0,0,Green
Shek Kong,2019,2,16,4.1,100,22.8,***,0,0,Green
Shek Kong,2019,2,17,21.1,90,19.9,***,0,0,Green
Shek Kong,2019,2,18,9.3,90,18.1,***,33.5,0,Green
Shek Kong,2019,2,19,2.9,90,20.9,***,16,110,Amber
Shek Kong,2019,2,20,3.3,90,24.1,***,4,0,Green
Shek Kong,2019,2,21,4.5,90,23.2,***,0.5,0,Green
Shek Kong,2019,2,22,5.2,60,20.4,***,1.5,0,Green
Shek Kong,2019,2,23,12.1,70,17.5,***,7.5,0,Green
Shek Kong,2019,2,24,7.7,70,15,***,2.5,0,Green
Shek Kong,2019,2,25,4.3,70,16.1,***,0,0,Green
Shek Kong,2019,2,26,10.9,80,19,***,0,0,Green
Shek Kong,2019,2,27,3.4,100,22.1,***,0,0,Green
Shek Kong,2019,2,28,2.3,190,22.9,***,0,0,Green
Shek Kong,2019,3,1,13.6,80,21.7,***,0,0,Green
Shek Kong,2019,3,2,7.4,80,22.9,***,0,0,Green
Shek Kong,2019,3,3,2.9,280,21.3,***,7,0,Green
Shek Kong,2019,3,4,10.3,80,20.6,***,5,0,Green
Shek Kong,2019,3,5,9.3,90,23.2,***,24.5,0,Green
Shek Kong,2019,3,6,6.3,90,21.2,***,13.5,345,Amber
Shek Kong,2019,3,7,8.7,60,16.7,***,29,0,Green
Shek Kong,2019,3,8,18.6,80,17,***,6.5,0,Green
Shek Kong,2019,3,9,3.1,100,18,***,10.5,0,Green
Shek Kong,2019,3,10,7,70,16.6,***,8.5,0,Green
Shek Kong,2019,3,11,4.2,70,17.7,***,5.5,0,Green
Shek Kong,2019,3,12,5.9,90,19.2,***,0,0,Green
Shek Kong,2019,3,13,11.7,90,20.9,***,0,0,Green
Shek Kong,2019,3,14,12.6,70,20.5,***,6.5,0,Green
Shek Kong,2019,3,15,4.9,50,17.6,***,0.5,0,Green
Shek Kong,2019,3,16,11,90,20.1,***,0,0,Green
Shek Kong,2019,3,17,12.7,90,21.8,***,0,0,Green
Shek Kong,2019,3,18,2.4,100,22.2,***,0,0,Green
Shek Kong,2019,3,19,2.4,200,23.8,***,0,0,Green
Shek Kong,2019,3,20,3.5,90,24.8,***,0,0,Green
Shek Kong,2019,3,21,4.3,210,25.3,***,0,0,Green
Shek Kong,2019,3,22,2.5,210,25.9,***,0,0,Green
Shek Kong,2019,3,23,13.9,90,19.7,***,1.5,0,Green
Shek Kong,2019,3,24,13,70,16.8,***,1.5,0,Green
Shek Kong,2019,3,25,3.4,70,19.8,***,1.5,0,Green
Shek Kong,2019,3,26,8.8,80,22.4,***,0,0,Green
Shek Kong,2019,3,27,5.5,90,23.1,***,0,0,Green
Shek Kong,2019,3,28,2,200,24.5,***,0,0,Green
Shek Kong,2019,3,29,2.3,210,24.5,***,1,0,Green
Shek Kong,2019,3,30,8,90,23.3,***,0,0,Green
Shek Kong,2019,3,31,20.5,90,22.6,***,0,0,Green
Shek Kong,2019,4,1,13.7,90,20.7,***,0,0,Green
Shek Kong,2019,4,2,14,90,21.9,***,0,0,Green
Shek Kong,2019,4,3,11.2,90,23.9,***,0,0,Green
Shek Kong,2019,4,4,12.5,90,22.4,***,0,0,Green
Shek Kong,2019,4,5,3.4,290,24.2,***,0,0,Green
Shek Kong,2019,4,6,2.5,240,25,***,0,0,Green
Shek Kong,2019,4,7,2.5,230,25.4,***,0,0,Green
Shek Kong,2019,4,8,3.1,190,26.7,***,0,0,Green
Shek Kong,2019,4,9,4,200,26.9,***,0,0,Green
Shek Kong,2019,4,10,2.9,200,27.4,***,0,0,Green
Shek Kong,2019,4,11,3.5,200,27.1,***,2,155,Amber
Shek Kong,2019,4,12,17,80,22.1,***,8,0,Green
Shek Kong,2019,4,13,18.9,70,22.4,***,0,0,Green
Shek Kong,2019,4,14,7.5,90,23.7,***,12.5,0,Green
Shek Kong,2019,4,15,17.3,90,22.8,***,0.5,0,Green
Shek Kong,2019,4,16,7.4,90,21.2,***,14,0,Green
Shek Kong,2019,4,17,1.8,100,23.5,***,0,0,Green
Shek Kong,2019,4,18,4.8,90,24.4,***,7.5,100,Amber
Shek Kong,2019,4,19,6.4,90,23.8,***,83,430,Amber
Shek Kong,2019,4,20,3,90,24.1,***,50,140,Red
Shek Kong,2019,4,21,4.9,200,27.1,***,0.5,0,Green
Shek Kong,2019,4,22,4.4,200,28,***,0,0,Green
Shek Kong,2019,4,23,3.9,200,28.1,***,0,0,Green
Shek Kong,2019,4,24,4,200,28.1,***,0,0,Green
Shek Kong,2019,4,25,5,230,28.8,***,0,0,Green
Shek Kong,2019,4,26,4.2,200,28.4,***,0,0,Green
Shek Kong,2019,4,27,12.8,90,24.8,***,16,210,Amber
Shek Kong,2019,4,28,11.6,80,25.7,***,0,0,Green
Shek Kong,2019,4,29,2.8,210,27.2,***,0,0,Green
Shek Kong,2019,4,30,2.9,210,26.7,***,1.5,0,Green
Shek Kong,2019,5,1,5.5,60,25.2,***,0,0,Green
Shek Kong,2019,5,2,6.4,90,21.8,***,5.5,0,Green
Shek Kong,2019,5,3,11.1,90,21.9,***,7.5,0,Green
Shek Kong,2019,5,4,18.3,90,22.4,***,9,0,Green
Shek Kong,2019,5,5,14.6,70,22.2,***,5.5,0,Green
Shek Kong,2019,5,6,13,90,22.4,***,9,0,Green
Shek Kong,2019,5,7,11.1,90,20.8,***,10.5,0,Green
Shek Kong,2019,5,8,16.8,80,20.9,***,12.5,0,Green
Shek Kong,2019,5,9,4.8,60,23.1,***,5,0,Green
Shek Kong,2019,5,10,1.5,100,24.9,***,0,0,Green
Shek Kong,2019,5,11,2.7,100,26.1,***,0,0,Green
Shek Kong,2019,5,12,10.5,90,26.4,***,0,0,Green
Shek Kong,2019,5,13,6.5,100,26.8,***,0,0,Green
Shek Kong,2019,5,14,2.8,240,28.2,***,0,0,Green
Shek Kong,2019,5,15,3,200,28.6,***,0,0,Green
Shek Kong,2019,5,16,5,200,29.4,***,0,0,Green
Shek Kong,2019,5,17,5.7,210,29.8,***,0,0,Green
Shek Kong,2019,5,18,5,200,30.2,***,0,0,Green
Shek Kong,2019,5,19,5.9,200,30.4,***,0,0,Green
Shek Kong,2019,5,20,3.3,250,28.5,***,8,155,Amber
Shek Kong,2019,5,21,12.7,90,25,***,14,130,Amber
Shek Kong,2019,5,22,4.5,100,26.2,***,0.5,0,Green
Shek Kong,2019,5,23,10.3,90,26.4,***,0,0,Green
Shek Kong,2019,5,24,18.9,80,26,***,0,0,Green
Shek Kong,2019,5,25,8.6,80,27.8,***,0.5,0,Green
Shek Kong,2019,5,26,2.7,90,26.8,***,44.5,135,Amber
Shek Kong,2019,5,27,2.1,300,26.1,***,42.5,315,Amber
Shek Kong,2019,5,28,0.9,100,25.4,***,67,130,Amber
Shek Kong,2019,5,29,14.3,90,25.4,***,0,0,Green
Shek Kong,2019,5,30,12.5,90,25.2,***,0,0,Green
Shek Kong,2019,5,31,1.1,90,25.8,***,16.5,0,Green
Shek Kong,2019,6,1,3.3,210,27.3,88,6.5,115,Amber
Shek Kong,2019,6,2,2.7,250,26.6,91,11.5,0,Green
Shek Kong,2019,6,3,3.4,210,27.5,87,14.5,0,Green
Shek Kong,2019,6,4,2,210,28,88,4,100,Amber
Shek Kong,2019,6,5,2.8,200,29.3,81,0,0,Green
Shek Kong,2019,6,6,4.5,190,30.2,77,0,0,Green
Shek Kong,2019,6,7,5,200,30.3,78,0,0,Green
Shek Kong,2019,6,8,5.6,200,30.1,79,0,0,Green
Shek Kong,2019,6,9,6.4,200,30.2,79,0,0,Green
Shek Kong,2019,6,10,4.6,210,28.4,87,17,0,Green
Shek Kong,2019,6,11,1.7,280,26.2,97,46,215,Amber
Shek Kong,2019,6,12,4.3,90,27.7,90,2.5,0,Green
Shek Kong,2019,6,13,2.1,200,27.2,92,27,350,Amber
Shek Kong,2019,6,14,4.7,290,28.5,76,9,100,Amber
Shek Kong,2019,6,15,9,90,28.3,71,0,0,Green
Shek Kong,2019,6,16,14.4,90,28.5,73,0,0,Green
Shek Kong,2019,6,17,11.5,80,28.3,82,1.5,0,Green
Shek Kong,2019,6,18,2.7,170,29.4,81,0.5,0,Green
Shek Kong,2019,6,19,3,190,29.7,81,0,0,Green
Shek Kong,2019,6,20,4.7,190,30.3,81,3.5,0,Green
Shek Kong,2019,6,21,6.1,200,30.9,79,0.5,0,Green
Shek Kong,2019,6,22,5.4,200,30.8,79,0,0,Green
Shek Kong,2019,6,23,3.9,200,30.3,80,0,0,Green
Shek Kong,2019,6,24,1.9,210,28.2,91,10.5,0,Green
Shek Kong,2019,6,25,1.2,250,26.8,92,22,140,Amber
Shek Kong,2019,6,26,1.1,210,28.2,89,8,0,Green
Shek Kong,2019,6,27,2.9,190,30.1,82,0,0,Green
Shek Kong,2019,6,28,3,200,30.2,83,5,0,Green
Shek Kong,2019,6,29,3.3,190,30.3,84,11.5,0,Green
Shek Kong,2019,6,30,1.3,70,28.5,91,35,0,Green
Shek Kong,2019,7,1,8.7,90,30,79,0,0,Green
Shek Kong,2019,7,2,11.9,80,29.3,80,4.5,0,Green
Shek Kong,2019,7,3,3.9,180,27,92,58.5,120,Amber
Shek Kong,2019,7,4,5.3,190,28.9,89,33.5,0,Green
Shek Kong,2019,7,5,4.1,200,29,87,4.5,0,Green
Shek Kong,2019,7,6,5.6,210,29.9,84,0.5,0,Green
Shek Kong,2019,7,7,6.3,200,29.8,86,1.5,0,Green
Shek Kong,2019,7,8,8.6,200,30.1,84,0.5,0,Green
Shek Kong,2019,7,9,6.7,210,30,85,1,0,Green
Shek Kong,2019,7,10,2.1,240,27.9,93,21.5,0,Green
Shek Kong,2019,7,11,2.5,200,28.3,92,14.5,0,Green
Shek Kong,2019,7,12,8.2,200,30.2,82,0,0,Green
Shek Kong,2019,7,13,7.7,210,30.5,80,0,0,Green
Shek Kong,2019,7,14,6.3,200,29.9,85,1,0,Green
Shek Kong,2019,7,15,2.7,210,30.2,79,0,0,Green
Shek Kong,2019,7,16,1.8,190,30.1,76,0,0,Green
Shek Kong,2019,7,17,1.7,290,30.3,79,0,0,Green
Shek Kong,2019,7,18,2,180,29.5,84,22.5,0,Green
Shek Kong,2019,7,19,1.5,280,27.9,91,5.5,110,Amber
Shek Kong,2019,7,20,1.3,230,27.2,93,6,120,Amber
Shek Kong,2019,7,21,1.4,210,28.8,85,0,0,Green
Shek Kong,2019,7,22,1.3,40,28.2,86,1,0,Green
Shek Kong,2019,7,23,2.3,80,29.4,80,0,0,Green
Shek Kong,2019,7,24,2.6,80,29.4,82,1,0,Green
Shek Kong,2019,7,25,3,190,29.8,81,0.5,0,Green
Shek Kong,2019,7,26,3,190,30.5,77,0,0,Green
Shek Kong,2019,7,27,3,190,30.6,77,0,0,Green
Shek Kong,2019,7,28,1.5,90,28.3,84,19.5,0,Green
Shek Kong,2019,7,29,7.7,80,28.3,82,0.5,0,Green
Shek Kong,2019,7,30,15,80,29,81,5,0,Green
Shek Kong,2019,7,31,17.8,80,26.4,88,162,330,Red
Shek Kong,2019,8,1,19.3,90,26.7,88,65.5,215,Amber
Shek Kong,2019,8,2,14.1,80,27.5,85,3,0,Green
Shek Kong,2019,8,3,11.3,80,27,87,5.5,0,Green
Shek Kong,2019,8,4,6.6,80,28.8,75,0,0,Green
Shek Kong,2019,8,5,3.8,90,30,71,0,0,Green
Shek Kong,2019,8,6,2,90,28.8,82,6,0,Green
Shek Kong,2019,8,7,3.4,90,29.7,72,0,0,Green
Shek Kong,2019,8,8,2.4,290,30.1,75,0,0,Green
Shek Kong,2019,8,9,3.2,270,31.4,74,0,0,Green
Shek Kong,2019,8,10,4.4,230,31.3,80,0,0,Green
Shek Kong,2019,8,11,6.5,230,31.1,79,0,0,Green
Shek Kong,2019,8,12,4.2,220,30.7,79,0,0,Green
Shek Kong,2019,8,13,3.5,210,31,78,0.5,0,Green
Shek Kong,2019,8,14,3,250,30.1,79,0,125,Amber
Shek Kong,2019,8,15,3.4,260,29.9,80,6,0,Green
Shek Kong,2019,8,16,3.4,230,29.4,82,2.5,0,Green
Shek Kong,2019,8,17,1.8,250,28.1,87,1,115,Amber
Shek Kong,2019,8,18,3,230,27.2,89,14,0,Green
Shek Kong,2019,8,19,1.9,240,28.1,89,8,0,Green
Shek Kong,2019,8,20,6.1,80,29,79,0,0,Green
Shek Kong,2019,8,21,3.3,80,28.8,77,11.5,0,Green
Shek Kong,2019,8,22,1.2,180,29.1,77,0,0,Green
Shek Kong,2019,8,23,1.1,290,27.9,91,24.5,0,Green
Shek Kong,2019,8,24,2.6,280,30.2,79,0,0,Green
Shek Kong,2019,8,25,2.2,250,27.3,80,68,0,Green
Shek Kong,2019,8,26,2.4,90,26.2,93,61,545,Red
Shek Kong,2019,8,27,1.7,90,28.5,86,3,0,Green
Shek Kong,2019,8,28,5.7,80,29.6,79,0,0,Green
Shek Kong,2019,8,29,11.3,80,29.4,79,3,0,Green
Shek Kong,2019,8,30,1.3,90,27.2,87,21.5,0,Green
Shek Kong,2019,8,31,4.7,80,27,89,27,0,Green
Shek Kong,2019,9,1,6.6,80,28,83,22.5,0,Green
Shek Kong,2019,9,2,11.2,80,26.8,90,87,135,Amber
Shek Kong,2019,9,3,8.7,80,28.1,81,5,0,Green
Shek Kong,2019,9,4,10.5,80,27.2,87,19,0,Green
Shek Kong,2019,9,5,9.3,80,27.8,84,23.5,0,Green
Shek Kong,2019,9,6,4.2,90,28.8,78,0,130,Amber
Shek Kong,2019,9,7,1.3,60,29,82,6,0,Green
Shek Kong,2019,9,8,1.2,180,29.3,82,2.5,0,Green
Shek Kong,2019,9,9,0.8,180,29,82,0,0,Green
Shek Kong,2019,9,10,4.6,80,29.2,76,0,0,Green
Shek Kong,2019,9,11,2.2,80,29.4,77,0,0,Green
Shek Kong,2019,9,12,2,90,29.5,76,0,0,Green
Shek Kong,2019,9,13,1.6,200,29.5,78,0,0,Green
Shek Kong,2019,9,14,1.4,250,28.9,80,0,645,Amber
Shek Kong,2019,9,15,2.5,90,28.2,80,0,0,Green
Shek Kong,2019,9,16,2.8,90,28.5,81,3,0,Green
Shek Kong,2019,9,17,1.5,30,27.2,89,15,0,Green
Shek Kong,2019,9,18,1.9,50,28.1,83,1.5,0,Green
Shek Kong,2019,9,19,3.9,50,28.3,70,0,0,Green
Shek Kong,2019,9,20,4.5,50,27.4,61,0,0,Green
Shek Kong,2019,9,21,4.7,320,***,***,0,0,Green
Shek Kong,2019,9,22,6.5,50,***,***,0,0,Green
Shek Kong,2019,9,23,4.1,90,***,67,0,0,Green
Shek Kong,2019,9,24,4,90,***,72,0,0,Green
Shek Kong,2019,9,25,1.7,300,***,75,0,0,Green
Shek Kong,2019,9,26,1.7,60,***,75,0,0,Green
Shek Kong,2019,9,27,1.6,60,***,76,0,0,Green
Shek Kong,2019,9,28,2.4,210,***,76,0,0,Green
Shek Kong,2019,9,29,1.6,300,***,74,0,0,Green
Shek Kong,2019,9,30,2.5,300,30.6,67,0,0,Green
Shek Kong,2019,10,1,2.1,270,28.5,65,0,0,Green
Shek Kong,2019,10,2,2.6,200,28.2,72,0,0,Green
Shek Kong,2019,10,3,2.4,200,27.9,75,0,0,Green
Shek Kong,2019,10,4,1.8,210,27.5,75,0,0,Green
Shek Kong,2019,10,5,1.7,200,27.6,73,0,0,Green
Shek Kong,2019,10,6,11.9,80,26.3,78,24.5,0,Green
Shek Kong,2019,10,7,9.1,90,26.2,84,23.5,0,Green
Shek Kong,2019,10,8,6.3,100,27.6,77,0,0,Green
Shek Kong,2019,10,9,8.3,90,28,72,0,0,Green
Shek Kong,2019,10,10,2.9,90,26.8,81,1.5,0,Green
Shek Kong,2019,10,11,1.5,290,27.4,79,0,0,Green
Shek Kong,2019,10,12,0.7,300,27,86,13,0,Green
Shek Kong,2019,10,13,3,80,26.3,85,6.5,0,Green
Shek Kong,2019,10,14,2.5,50,25.5,86,3.5,0,Green
Shek Kong,2019,10,15,7.9,90,25.8,72,4.5,0,Green
Shek Kong,2019,10,16,4,90,25.4,65,0,0,Green
Shek Kong,2019,10,17,3.5,50,25,71,0,0,Green
Shek Kong,2019,10,18,2.4,60,25,71,3.5,0,Green
Shek Kong,2019,10,19,2.5,60,25,71,0,0,Green
Shek Kong,2019,10,20,3.2,100,24.9,75,0,0,Green
Shek Kong,2019,10,21,1.9,80,24,75,0,0,Green
Shek Kong,2019,10,22,5.2,90,23.2,73,0,0,Green
Shek Kong,2019,10,23,7,90,24.4,72,0,0,Green
Shek Kong,2019,10,24,5.9,90,26.1,69,0,0,Green
Shek Kong,2019,10,25,8.4,90,25.6,71,0,0,Green
Shek Kong,2019,10,26,8.9,90,25.5,73,0,0,Green
Shek Kong,2019,10,27,3.8,60,25.1,74,0,0,Green
Shek Kong,2019,10,28,4.6,300,24,77,0,0,Green
Shek Kong,2019,10,29,7.3,60,21.5,67,0,0,Green
Shek Kong,2019,10,30,3.9,50,22.4,61,0,0,Green
Shek Kong,2019,10,31,3.7,80,23.6,66,0,0,Green
Shek Kong,2019,11,1,6.5,90,25.8,71,0,0,Green
Shek Kong,2019,11,2,4.6,100,25.2,74,0,0,Green
Shek Kong,2019,11,3,3.3,40,25.4,68,0,0,Green
Shek Kong,2019,11,4,6.4,40,24.3,49,0,0,Green
Shek Kong,2019,11,5,3,100,22,58,0,0,Green
Shek Kong,2019,11,6,2,50,22.4,71,0,0,Green
Shek Kong,2019,11,7,6.1,60,22.2,59,0,0,Green
Shek Kong,2019,11,8,5.7,30,21.6,54,0,0,Green
Shek Kong,2019,11,9,5.8,90,20.7,65,0,0,Green
Shek Kong,2019,11,10,1.8,100,20.9,74,0,0,Green
Shek Kong,2019,11,11,4.7,90,21.4,71,0,0,Green
Shek Kong,2019,11,12,9.8,80,23.2,75,0,0,Green
Shek Kong,2019,11,13,4,80,23.6,75,0,0,Green
Shek Kong,2019,11,14,5.6,60,22.2,62,0,0,Green
Shek Kong,2019,11,15,4.4,100,21.9,71,0,0,Green
Shek Kong,2019,11,16,2.9,90,21.9,74,0,0,Green
Shek Kong,2019,11,17,1.3,100,22,81,0,0,Green
Shek Kong,2019,11,18,6.3,50,22.8,70,0,0,Green
Shek Kong,2019,11,19,8.2,70,18.9,63,0,0,Green
Shek Kong,2019,11,20,5.5,70,19.8,64,0,0,Green
Shek Kong,2019,11,21,1.5,60,19.5,71,0,0,Green
Shek Kong,2019,11,22,0.8,250,20.1,70,0,0,Green
Shek Kong,2019,11,23,2,60,21.5,80,0,0,Green
Shek Kong,2019,11,24,2.6,90,22.1,77,0,0,Green
Shek Kong,2019,11,25,9.5,90,23.8,71,0,0,Green
Shek Kong,2019,11,26,8.8,80,21.7,71,0,0,Green
Shek Kong,2019,11,27,6.8,90,22.8,73,0,0,Green
Shek Kong,2019,11,28,10.5,50,19.1,58,0,0,Green
Shek Kong,2019,11,29,8.1,50,17.8,63,0,0,Green
Shek Kong,2019,11,30,5.6,80,19.2,68,0,0,Green
Shek Kong,2019,12,1,4,60,19.9,70,0,0,Green
Shek Kong,2019,12,2,11.7,60,16.4,51,0,0,Green
Shek Kong,2019,12,3,7.3,60,14.3,43,0,0,Green
Shek Kong,2019,12,4,7.9,30,16.2,37,0,0,Green
Shek Kong,2019,12,5,***,***,15.2,42,0,0,Green
Shek Kong,2019,12,6,***,***,16.3,30,0,0,Green
Shek Kong,2019,12,7,***,***,14.5,38,0,0,Green
Shek Kong,2019,12,8,***,***,12.9,50,0,0,Green
Shek Kong,2019,12,9,***,***,15.1,58,0,0,Green
Shek Kong,2019,12,10,***,***,15.9,70,0,0,Green
Shek Kong,2019,12,11,***,***,16.6,65,0,0,Green
Shek Kong,2019,12,12,***,***,18.7,62,0,0,Green
Shek Kong,2019,12,13,***,***,19.6,68,0,0,Green
Shek Kong,2019,12,14,***,***,18.8,72,0,0,Green
Shek Kong,2019,12,15,***,***,20.1,76,0,0,Green
Shek Kong,2019,12,16,***,***,22.3,68,0,0,Green
Shek Kong,2019,12,17,***,***,23.3,73,0,0,Green
Shek Kong,2019,12,18,***,***,22.3,80,0,0,Green
Shek Kong,2019,12,19,***,***,19.5,79,0,0,Green
Shek Kong,2019,12,20,***,***,18.6,69,0,0,Green
Shek Kong,2019,12,21,***,***,18.9,78,0,0,Green
Shek Kong,2019,12,22,***,***,20.1,82,0,0,Green
Shek Kong,2019,12,23,***,***,19.7,82,0,0,Green
Shek Kong,2019,12,24,***,***,21,75,0,0,Green
Shek Kong,2019,12,25,***,***,19.9,79,0,0,Green
Shek Kong,2019,12,26,***,***,20.3,71,0,0,Green
Shek Kong,2019,12,27,***,***,16.8,60,0,0,Green
Shek Kong,2019,12,28,***,***,17.9,62,0,0,Green
Shek Kong,2019,12,29,***,***,18.2,87,5.5,0,Green
Shek Kong,2019,12,30,***,***,20.8,88,0.5,0,Green
Shek Kong,2019,12,31,***,***,19.5,84,0,0,Green
Shek Kong,2020,1,1,***,***,17.8,78,0,0,Green
Shek Kong,2020,1,2,***,***,17.3,80,0,0,Green
Shek Kong,2020,1,3,***,***,18.1,82,0,0,Green
Shek Kong,2020,1,4,***,***,18.8,79,0,0,Green
Shek Kong,2020,1,5,***,***,20.6,73,0,0,Green
Shek Kong,2020,1,6,***,***,22.2,71,0,0,Green
Shek Kong,2020,1,7,***,***,22.3,80,0,0,Green
Shek Kong,2020,1,8,***,***,21.5,68,0,0,Green
Shek Kong,2020,1,9,***,***,19.8,69,0,0,Green
Shek Kong,2020,1,10,***,***,20.3,77,0,0,Green
Shek Kong,2020,1,11,***,***,19.5,81,0,0,Green
Shek Kong,2020,1,12,***,***,17,57,0,0,Green
Shek Kong,2020,1,13,***,***,18,70,0,0,Green
Shek Kong,2020,1,14,***,***,18.9,69,0,0,Green
Shek Kong,2020,1,15,***,***,20,75,0,0,Green
Shek Kong,2020,1,16,***,***,20.5,79,0,0,Green
Shek Kong,2020,1,17,***,***,17.2,61,0,0,Green
Shek Kong,2020,1,18,***,***,17,68,0,0,Green
Shek Kong,2020,1,19,***,***,16.8,72,0,0,Green
Shek Kong,2020,1,20,***,***,17,71,0,0,Green
Shek Kong,2020,1,21,***,***,18,80,0,0,Green
Shek Kong,2020,1,22,***,***,20.9,80,0,0,Green
Shek Kong,2020,1,23,***,***,21.8,83,0,0,Green
Shek Kong,2020,1,24,***,***,21,88,0,0,Green
Shek Kong,2020,1,25,***,***,20.2,85,5.5,0,Green
Shek Kong,2020,1,26,***,***,15.1,87,26.5,0,Green
Shek Kong,2020,1,27,***,***,12,68,0,0,Green
Shek Kong,2020,1,28,***,***,11.8,60,0,0,Green
Shek Kong,2020,1,29,***,***,12.2,52,0,0,Green
Shek Kong,2020,1,30,***,***,13.2,40,0,0,Green
Shek Kong,2020,1,31,***,***,12.4,54,0,0,Green
Shek Kong,2020,2,1,***,***,14.6,69,0,0,Green
Shek Kong,2020,2,2,***,***,17.8,72,0,0,Green
Shek Kong,2020,2,3,***,***,18,77,0.5,0,Green
Shek Kong,2020,2,4,***,***,16.8,82,3.5,0,Green
Shek Kong,2020,2,5,***,***,17.5,81,0,0,Green
Shek Kong,2020,2,6,***,***,17.5,76,0,0,Green
Shek Kong,2020,2,7,***,***,18.6,80,0,0,Green
Shek Kong,2020,2,8,***,***,16.5,75,0,0,Green
Shek Kong,2020,2,9,***,***,16.1,69,0,0,Green
Shek Kong,2020,2,10,***,***,16.5,73,0,0,Green
Shek Kong,2020,2,11,***,***,17.9,85,0.5,0,Green
Shek Kong,2020,2,12,***,***,20.4,89,0,0,Green
Shek Kong,2020,2,13,***,***,18.8,96,14,105,Amber
Shek Kong,2020,2,14,***,***,21.8,88,11.5,0,Green
Shek Kong,2020,2,15,***,***,23,86,2,0,Green
Shek Kong,2020,2,16,***,***,13.3,77,14,0,Green
Shek Kong,2020,2,17,***,***,12.4,46,0,0,Green
Shek Kong,2020,2,18,***,***,12.9,53,0,0,Green
Shek Kong,2020,2,19,***,***,15.8,64,0,0,Green
Shek Kong,2020,2,20,***,***,17,67,0,0,Green
Shek Kong,2020,2,21,***,***,19.3,66,0,0,Green
Shek Kong,2020,2,22,***,***,19.6,72,0,0,Green
Shek Kong,2020,2,23,***,***,20.9,63,0,0,Green
Shek Kong,2020,2,24,***,***,20.7,69,0,0,Green
Shek Kong,2020,2,25,***,***,21.1,86,0,0,Green
Shek Kong,2020,2,26,***,***,22.5,82,0,0,Green
Shek Kong,2020,2,27,***,***,20.5,82,0,0,Green
Shek Kong,2020,2,28,***,***,21.1,75,0,0,Green
Shek Kong,2020,2,29,***,***,21.8,81,0,0,Green
Shek Kong,2020,3,1,***,***,22.3,82,0,0,Green
Shek Kong,2020,3,2,***,***,19.9,81,0,0,Green
Shek Kong,2020,3,3,***,***,20.4,74,0,0,Green
Shek Kong,2020,3,4,***,***,19.9,81,1,0,Green
Shek Kong,2020,3,5,***,***,17.7,83,1,0,Green
Shek Kong,2020,3,6,***,***,19.2,75,0,0,Green
Shek Kong,2020,3,7,***,***,21.9,82,0,0,Green
Shek Kong,2020,3,8,***,***,22.9,83,0,0,Green
Shek Kong,2020,3,9,***,***,24.7,81,0,0,Green
Shek Kong,2020,3,10,***,***,23,61,0,0,Green
Shek Kong,2020,3,11,***,***,18.7,68,0,0,Green
Shek Kong,2020,3,12,***,***,21.8,82,0,0,Green
Shek Kong,2020,3,13,***,***,23.4,83,0,0,Green
Shek Kong,2020,3,14,***,***,21.6,72,5.5,0,Green
Shek Kong,2020,3,15,***,***,20.2,62,0,0,Green
Shek Kong,2020,3,16,***,***,20.7,70,0,0,Green
Shek Kong,2020,3,17,***,***,20.6,78,0,0,Green
Shek Kong,2020,3,18,***,***,20.4,86,10.5,100,Amber
Shek Kong,2020,3,19,***,***,20.3,93,3.5,0,Green
Shek Kong,2020,3,20,***,***,21.5,88,0.5,0,Green
Shek Kong,2020,3,21,***,***,22.8,89,0,0,Green
Shek Kong,2020,3,22,***,***,24.2,82,0,0,Green
Shek Kong,2020,3,23,***,***,24.6,79,0,0,Green
Shek Kong,2020,3,24,***,***,23.2,78,0,0,Green
Shek Kong,2020,3,25,***,***,23.6,77,0,0,Green
Shek Kong,2020,3,26,***,***,24,84,2,0,Green
Shek Kong,2020,3,27,***,***,24.6,82,2,0,Green
Shek Kong,2020,3,28,***,***,22.6,88,4,0,Green
Shek Kong,2020,3,29,***,***,21.3,83,0,0,Green
Shek Kong,2020,3,30,***,***,20.4,92,4,0,Green
Shek Kong,2020,3,31,***,***,19.4,96,3.5,0,Green
Shek Kong,2020,4,1,***,***,18.8,88,0,0,Green
Shek Kong,2020,4,2,***,***,21,81,0,0,Green
Shek Kong,2020,4,3,***,***,21.3,84,0.5,0,Green
Shek Kong,2020,4,4,***,***,20.9,88,5,0,Green
Shek Kong,2020,4,5,***,***,17.5,93,7.5,0,Green
Shek Kong,2020,4,6,***,***,16.7,93,28.5,0,Green
Shek Kong,2020,4,7,***,***,19.1,83,0,0,Green
Shek Kong,2020,4,8,***,***,21,68,0,0,Green
Shek Kong,2020,4,9,***,***,21.8,66,0,0,Green
Shek Kong,2020,4,10,***,***,22.2,62,0,0,Green
Shek Kong,2020,4,11,***,***,23,85,5.5,0,Green
Shek Kong,2020,4,12,***,***,20.4,54,0,0,Green
Shek Kong,2020,4,13,***,***,19.5,41,0,0,Green
Shek Kong,2020,4,14,***,***,20.2,62,0,0,Green
Shek Kong,2020,4,15,***,***,20.9,66,0,0,Green
Shek Kong,2020,4,16,***,***,22.1,72,0,0,Green
Shek Kong,2020,4,17,***,***,23.7,76,0,0,Green
Shek Kong,2020,4,18,***,***,23.8,78,0,0,Green
Shek Kong,2020,4,19,***,***,26,77,0,0,Green
Shek Kong,2020,4,20,***,***,26.4,79,0,0,Green
Shek Kong,2020,4,21,***,***,26.7,77,0,0,Green
Shek Kong,2020,4,22,***,***,22.3,89,9.5,0,Green
Shek Kong,2020,4,23,***,***,20.3,88,0,0,Green
Shek Kong,2020,4,24,***,***,18.3,85,2,0,Green
Shek Kong,2020,4,25,***,***,19.6,86,0,0,Green
Shek Kong,2020,4,26,***,***,22.8,76,0.5,0,Green
Shek Kong,2020,4,27,***,***,23.7,66,0,0,Green
Shek Kong,2020,4,28,***,***,24.1,59,0,0,Green
Shek Kong,2020,4,29,***,***,24.1,70,0,0,Green
Shek Kong,2020,4,30,***,***,24.8,68,0,0,Green
Shek Kong,2020,5,1,***,***,25.4,79,0,0,Green
Shek Kong,2020,5,2,***,***,26.4,77,0,0,Green
Shek Kong,2020,5,3,***,***,27.8,75,0,0,Green
Shek Kong,2020,5,4,***,***,28.2,79,0,0,Green
Shek Kong,2020,5,5,***,***,28.5,77,0,0,Green
Shek Kong,2020,5,6,***,***,28.6,80,0,0,Green
Shek Kong,2020,5,7,***,***,29.5,77,0,0,Green
Shek Kong,2020,5,8,***,***,29.1,82,0,0,Green
Shek Kong,2020,5,9,***,***,28.9,81,0,0,Green
Shek Kong,2020,5,10,***,***,28.6,79,9.5,0,Green
Shek Kong,2020,5,11,***,***,28.1,79,24,145,Amber
Shek Kong,2020,5,12,***,***,26.5,84,0.5,0,Green
Shek Kong,2020,5,13,***,***,26.3,83,0,0,Green
Shek Kong,2020,5,14,***,***,27.5,78,0,0,Green
Shek Kong,2020,5,15,***,***,29.1,75,0,0,Green
Shek Kong,2020,5,16,***,***,28.5,78,0,0,Green
Shek Kong,2020,5,17,***,***,28.9,76,0,0,Green
Shek Kong,2020,5,18,***,***,26,87,7,105,Amber
Shek Kong,2020,5,19,***,***,27.5,81,0,0,Green
Shek Kong,2020,5,20,***,***,27.9,84,8,0,Green
Shek Kong,2020,5,21,***,***,27.8,91,77.5,345,Red
Shek Kong,2020,5,22,***,***,27.5,90,19.5,0,Green
Shek Kong,2020,5,23,***,***,26,86,0,0,Green
Shek Kong,2020,5,24,***,***,26.8,79,0,0,Green
Shek Kong,2020,5,25,***,***,26.7,89,21,235,Red
Shek Kong,2020,5,26,***,***,28.2,88,0,0,Green
Shek Kong,2020,5,27,***,***,28.1,84,0,0,Green
Shek Kong,2020,5,28,***,***,27.1,88,5.5,0,Green
Shek Kong,2020,5,29,***,***,28.4,82,0,0,Green
Shek Kong,2020,5,30,***,***,25.7,96,70.5,735,Red
Shek Kong,2020,5,31,***,***,28.8,88,0,0,Green
Shek Kong,2020,6,1,***,***,29.3,85,0.5,0,Green
Shek Kong,2020,6,2,***,***,28.3,87,4,0,Green
Shek Kong,2020,6,3,***,***,29.6,80,0,0,Green
Shek Kong,2020,6,4,***,***,29.7,80,0,0,Green
Shek Kong,2020,6,5,***,***,29.8,81,0,0,Green
Shek Kong,2020,6,6,***,***,25.9,93,129.5,645,Black
Shek Kong,2020,6,7,***,***,26.9,96,120.5,515,Red
Shek Kong,2020,6,8,***,***,27.5,94,39,220,Amber
Shek Kong,2020,6,9,***,***,29,86,0.5,0,Green
Shek Kong,2020,6,10,***,***,29.8,81,0,0,Green
Shek Kong,2020,6,11,***,***,30.2,77,0,0,Green
Shek Kong,2020,6,12,***,***,30.1,75,0,0,Green
Shek Kong,2020,6,13,***,***,29.2,84,9.5,0,Green
Shek Kong,2020,6,14,***,***,27.8,83,18.5,0,Green
Shek Kong,2020,6,15,***,***,29,81,6.5,0,Green
Shek Kong,2020,6,16,***,***,28.3,85,17,0,Green
Shek Kong,2020,6,17,***,***,28.5,83,2.5,0,Green
Shek Kong,2020,6,18,***,***,29.4,81,1.5,0,Green
Shek Kong,2020,6,19,***,***,27.6,87#,0,0,Green
Shek Kong,2020,6,20,***,***,***,***,0,0,Green
Shek Kong,2020,6,21,***,***,***,***,0,0,Green
Shek Kong,2020,6,22,***,***,***,***,0,0,Green
Shek Kong,2020,6,23,***,***,***,***,0,0,Green
Shek Kong,2020,6,24,***,***,***,***,0,0,Green
Shek Kong,2020,6,25,***,***,***,***,0,0,Green
Shek Kong,2020,6,26,***,***,***,***,7.5,0,Green
Shek Kong,2020,6,27,***,***,***,***,0,0,Green
Shek Kong,2020,6,28,***,***,***,***,0,0,Green
Shek Kong,2020,6,29,***,***,***,***,0,0,Green
Shek Kong,2020,6,30,***,***,***,***,0,0,Green
Shek Kong,2020,7,1,***,***,***,***,14.5,0,Green
Shek Kong,2020,7,2,***,***,***,***,7.5,0,Green
Shek Kong,2020,7,3,***,***,28.6#,85#,19.5,0,Green
Shek Kong,2020,7,4,***,***,29.8,81,1.5,0,Green
Shek Kong,2020,7,5,***,***,29.8,81,4,0,Green
Shek Kong,2020,7,6,***,***,29.7,81,4.5,0,Green
Shek Kong,2020,7,7,***,***,29.2,83,19.5,0,Green
Shek Kong,2020,7,8,***,***,29.8,81,0,0,Green
Shek Kong,2020,7,9,***,***,30.1,80,0,0,Green
Shek Kong,2020,7,10,***,***,29.7,81,0,0,Green
Shek Kong,2020,7,11,***,***,30.5,77,0,0,Green
Shek Kong,2020,7,12,***,***,30.7,74,0,0,Green
Shek Kong,2020,7,13,***,***,30.7,75,0,0,Green
Shek Kong,2020,7,14,***,***,30.9,74,0,0,Green
Shek Kong,2020,7,15,***,***,30.7,73,0,0,Green
Shek Kong,2020,7,16,***,***,30.5,77,0.5,0,Green
Shek Kong,2020,7,17,***,***,30.5,76,0,0,Green
Shek Kong,2020,7,18,***,***,30.7,74,0,0,Green
Shek Kong,2020,7,19,***,***,30.4,76,0,0,Green
Shek Kong,2020,7,20,***,***,29.9,76,0,0,Green
Shek Kong,2020,7,21,***,***,29.9,74,0,0,Green
Shek Kong,2020,7,22,***,***,29.3,79,2,0,Green
Shek Kong,2020,7,23,***,***,31.1,70,0,0,Green
Shek Kong,2020,7,24,***,***,30.9,74,0,0,Green
Shek Kong,2020,7,25,***,***,30.9,74,0,0,Green
Shek Kong,2020,7,26,***,***,31.1,74,0,0,Green
Shek Kong,2020,7,27,***,***,30.4,78,9.5,0,Green
Shek Kong,2020,7,28,***,***,31.2,72,0,0,Green
Shek Kong,2020,7,29,***,***,29.4,81,10,0,Green
Shek Kong,2020,7,30,***,***,30.4,73,0,0,Green
Shek Kong,2020,7,31,***,***,27.6,84,33,0,Green
Shek Kong,2020,8,1,***,***,27.4,87,39.5,0,Green
Shek Kong,2020,8,2,***,***,27,91,20.5,0,Green
Shek Kong,2020,8,3,***,***,26.1,96,35.5,0,Green
Shek Kong,2020,8,4,***,***,27.4,89,1.5,0,Green
Shek Kong,2020,8,5,***,***,27.5,89,22.5,445,Amber
Shek Kong,2020,8,6,***,***,29.1,82,3,0,Green
Shek Kong,2020,8,7,***,***,29.7,79,0,0,Green
Shek Kong,2020,8,8,***,***,29.4,78,0,0,Green
Shek Kong,2020,8,9,***,***,29.3,78,0,0,Green
Shek Kong,2020,8,10,***,***,29.8,78,0,0,Green
Shek Kong,2020,8,11,***,***,29.9,80,2,0,Green
Shek Kong,2020,8,12,***,***,26.8,93,61.5,0,Green
Shek Kong,2020,8,13,***,***,27.9,85,16.5,0,Green
Shek Kong,2020,8,14,***,***,28.6,83,6,0,Green
Shek Kong,2020,8,15,***,***,29.2,79,0,0,Green
Shek Kong,2020,8,16,***,***,29.4,77,0,0,Green
Shek Kong,2020,8,17,***,***,27.4,88,9.5,0,Green
Shek Kong,2020,8,18,***,***,26.1,91,54.5,1130,Amber
Shek Kong,2020,8,19,***,***,26.7,88,98.5,0,Green
Shek Kong,2020,8,20,***,***,28.7,82,1,0,Green
Shek Kong,2020,8,21,***,***,28.8,82,0,0,Green
Shek Kong,2020,8,22,***,***,28.9,81,0,0,Green
Shek Kong,2020,8,23,***,***,29.3,78,0,0,Green
Shek Kong,2020,8,24,***,***,30.1,78,0,0,Green
Shek Kong,2020,8,25,***,***,30.7,78,0,0,Green
Shek Kong,2020,8,26,***,***,29.3,84,8.5,0,Green
Shek Kong,2020,8,27,***,***,28.1,87,1.5,0,Green
Shek Kong,2020,8,28,***,***,29.1,83,0,0,Green
Shek Kong,2020,8,29,***,***,29.3,81,0,0,Green
Shek Kong,2020,8,30,***,***,28.8,81,0,0,Green
Shek Kong,2020,8,31,***,***,29.2,84,0.5,0,Green
Shek Kong,2020,9,1,***,***,29,86,6.5,0,Green
Shek Kong,2020,9,2,***,***,29.4,83,0,0,Green
Shek Kong,2020,9,3,***,***,29.5,84,0,0,Green
Shek Kong,2020,9,4,***,***,28.8,84,0,0,Green
Shek Kong,2020,9,5,***,***,27.9,85,0,220,Red
Shek Kong,2020,9,6,***,***,28.2,85,1.5,0,Green
Shek Kong,2020,9,7,***,***,28.2,88,5,0,Green
Shek Kong,2020,9,8,***,***,26.8,92,32,535,Amber
Shek Kong,2020,9,9,***,***,26.9,93,8.5,0,Green
Shek Kong,2020,9,10,***,***,27.5,90,3,0,Green
Shek Kong,2020,9,11,***,***,28.4,88,0.5,0,Green
Shek Kong,2020,9,12,***,***,27.7,90,14.5,150,Amber
Shek Kong,2020,9,13,***,***,28,85,0.5,0,Green
Shek Kong,2020,9,14,***,***,28.1,85,23.5,0,Green
Shek Kong,2020,9,15,***,***,27,92,27,505,Amber
Shek Kong,2020,9,16,***,***,29.2,84,0.5,0,Green
Shek Kong,2020,9,17,***,***,28.3,87,25.5,0,Green
Shek Kong,2020,9,18,***,***,27.8,89,25.5,0,Green
Shek Kong,2020,9,19,***,***,27.4,90,17,0,Green
Shek Kong,2020,9,20,***,***,27.7,87,1.5,0,Green
Shek Kong,2020,9,21,***,***,27,93,79,710,Red
Shek Kong,2020,9,22,***,***,28.1,83,0,0,Green
Shek Kong,2020,9,23,***,***,28.5,80,0,0,Green
Shek Kong,2020,9,24,***,***,27.8,80,1,0,Green
Shek Kong,2020,9,25,***,***,27.2,78,0.5,0,Green
Shek Kong,2020,9,26,***,***,27.8,76,0,0,Green
Shek Kong,2020,9,27,***,***,27.9,79,0,0,Green
Shek Kong,2020,9,28,***,***,26.8,84,0.5,130,Amber
Shek Kong,2020,9,29,***,***,27.5,82,0,0,Green
Shek Kong,2020,9,30,***,***,26.5,91,60,415,Black
Shek Kong,2020,10,1,***,***,26.7,76,0.5,0,Green
Shek Kong,2020,10,2,***,***,27.6,72,0,0,Green
Shek Kong,2020,10,3,***,***,27.5,76,0,0,Green
Shek Kong,2020,10,4,***,***,27.3,83,0,0,Green
Shek Kong,2020,10,5,***,***,27.3,82,6,205,Red
Shek Kong,2020,10,6,***,***,25.1,78,0,0,Green
Shek Kong,2020,10,7,***,***,24,71,0,0,Green
Shek Kong,2020,10,8,***,***,24.1,67,0,0,Green
Shek Kong,2020,10,9,***,***,25.2,63,0,0,Green
Shek Kong,2020,10,10,***,***,25.1,68,0,0,Green
Shek Kong,2020,10,11,***,***,26.2,75,0,0,Green
Shek Kong,2020,10,12,***,***,27.8,70,0,0,Green
Shek Kong,2020,10,13,***,***,24.5,88,31,0,Green
Shek Kong,2020,10,14,***,***,26,78,1,0,Green
Shek Kong,2020,10,15,***,***,26.7,71,0,0,Green
Shek Kong,2020,10,16,***,***,26.9,70,0,0,Green
Shek Kong,2020,10,17,***,***,24.7,74,0,0,Green
Shek Kong,2020,10,18,***,***,24.1,71,0,0,Green
Shek Kong,2020,10,19,***,***,23.7,67,0,0,Green
Shek Kong,2020,10,20,***,***,24.1,66,0,0,Green
Shek Kong,2020,10,21,***,***,23.6,63,0,0,Green
Shek Kong,2020,10,22,***,***,24,58,0,0,Green
Shek Kong,2020,10,23,***,***,22.9,47,0,0,Green
Shek Kong,2020,10,24,***,***,23.2,50,0,0,Green
Shek Kong,2020,10,25,***,***,24.5,63,0,0,Green
Shek Kong,2020,10,26,***,***,24.9,72,0,0,Green
Shek Kong,2020,10,27,***,***,25.5,69,0,0,Green
Shek Kong,2020,10,28,***,***,24.5,76,2.5,0,Green
Shek Kong,2020,10,29,***,***,24.4,76,0,0,Green
Shek Kong,2020,10,30,***,***,23.9,78,0,0,Green
Shek Kong,2020,10,31,***,***,23.2,72,0,0,Green
Shek Kong,2020,11,1,***,***,23,74,0,0,Green
Shek Kong,2020,11,2,***,***,24.1,68,0,0,Green
Shek Kong,2020,11,3,***,***,23,65,0,0,Green
Shek Kong,2020,11,4,***,***,22.7,69,0,0,Green
Shek Kong,2020,11,5,***,***,22.8,64,0,0,Green
Shek Kong,2020,11,6,***,***,23.1,73,0,0,Green
Shek Kong,2020,11,7,***,***,25.9,55,0,0,Green
Shek Kong,2020,11,8,***,***,25.6,51,0,0,Green
Shek Kong,2020,11,9,***,***,23.6,53,0,0,Green
Shek Kong,2020,11,10,***,***,22.3,50,0,0,Green
Shek Kong,2020,11,11,***,***,21.4,66,0,0,Green
Shek Kong,2020,11,12,***,***,20.8,67,0,0,Green
Shek Kong,2020,11,13,***,***,21.6,63,0.5,0,Green
Shek Kong,2020,11,14,***,***,21.7,71,0,0,Green
Shek Kong,2020,11,15,***,***,23,74,0,0,Green
Shek Kong,2020,11,16,***,***,23.6,75,0,0,Green
Shek Kong,2020,11,17,***,***,24.9,73,0,0,Green
Shek Kong,2020,11,18,***,***,26.1,75,0,0,Green
Shek Kong,2020,11,19,***,***,25.8,84,0,0,Green
Shek Kong,2020,11,20,***,***,25.5,83,0,0,Green
Shek Kong,2020,11,21,***,***,24.1,84,0,0,Green
Shek Kong,2020,11,22,***,***,25.5,79,0,0,Green
Shek Kong,2020,11,23,***,***,22.6,88,1.5,0,Green
Shek Kong,2020,11,24,***,***,23.1,78,0,0,Green
Shek Kong,2020,11,25,***,***,23.4,74,0,0,Green
Shek Kong,2020,11,26,***,***,24,75,0,0,Green
Shek Kong,2020,11,27,***,***,21.3,67,0,0,Green
Shek Kong,2020,11,28,***,***,19.3,65,0,0,Green
Shek Kong,2020,11,29,***,***,19,60,0,0,Green
Shek Kong,2020,11,30,***,***,17.8,64,0,0,Green
Shek Kong,2020,12,1,***,***,18.3,66,0,0,Green
Shek Kong,2020,12,2,***,***,18.3,67,0,0,Green
Shek Kong,2020,12,3,***,***,16.3,63,0,0,Green
Shek Kong,2020,12,4,***,***,14.8,61,0,0,Green
Shek Kong,2020,12,5,***,***,15.3,63,0,0,Green
Shek Kong,2020,12,6,***,***,16.2,68,0,0,Green
Shek Kong,2020,12,7,***,***,19.4,64,0,0,Green
Shek Kong,2020,12,8,***,***,18.8,60,0,0,Green
Shek Kong,2020,12,9,***,***,19.2,66,0,0,Green
Shek Kong,2020,12,10,***,***,20.9,74,0,0,Green
Shek Kong,2020,12,11,***,***,21.7,80,0,0,Green
Shek Kong,2020,12,12,***,***,20.8,82,0,0,Green
Shek Kong,2020,12,13,***,***,21.3,75,0,0,Green
Shek Kong,2020,12,14,***,***,17.5,81,0,0,Green
Shek Kong,2020,12,15,***,***,12.7,70,0,0,Green
Shek Kong,2020,12,16,***,***,12.4,69,0,0,Green
Shek Kong,2020,12,17,***,***,12.8,69,0,0,Green
Shek Kong,2020,12,18,***,***,15.2,65,0,0,Green
Shek Kong,2020,12,19,***,***,13.6,59,0,0,Green
Shek Kong,2020,12,20,***,***,14.2,53,0,0,Green
Shek Kong,2020,12,21,***,***,15.6,51,0,0,Green
Shek Kong,2020,12,22,***,***,16.8,59,0,0,Green
Shek Kong,2020,12,23,***,***,18.5,78,0,0,Green
Shek Kong,2020,12,24,***,***,20.2,72,0,0,Green
Shek Kong,2020,12,25,***,***,18.7,74,0,0,Green
Shek Kong,2020,12,26,***,***,19.2,68,0,0,Green
Shek Kong,2020,12,27,***,***,20,74,0,0,Green
Shek Kong,2020,12,28,***,***,19.7,72,0,0,Green
Shek Kong,2020,12,29,***,***,21.1,74,0,0,Green
Shek Kong,2020,12,30,***,***,14.3,47,0,0,Green
Shek Kong,2020,12,31,***,***,9.4,32,0,0,Green
Shek Kong,2021,1,1,***,***,9.7,36,0,0,Green
Shek Kong,2021,1,2,***,***,11.1,52,0,0,Green
Shek Kong,2021,1,3,***,***,16.6,58,0,0,Green
Shek Kong,2021,1,4,***,***,18.5,53,0,0,Green
Shek Kong,2021,1,5,***,***,18.6,57,0,0,Green
Shek Kong,2021,1,6,***,***,16.4,63,0,0,Green
Shek Kong,2021,1,7,***,***,13.5,64,0,0,Green
Shek Kong,2021,1,8,***,***,7.6,45,0,0,Green
Shek Kong,2021,1,9,***,***,9.8,27,0,0,Green
Shek Kong,2021,1,10,***,***,12,29,0,0,Green
Shek Kong,2021,1,11,***,***,9.6,39,0,0,Green
Shek Kong,2021,1,12,***,***,10.3,31,0,0,Green
Shek Kong,2021,1,13,***,***,10.3,51,0,0,Green
Shek Kong,2021,1,14,***,***,13,58,0,0,Green
Shek Kong,2021,1,15,***,***,15.7,68,0,0,Green
Shek Kong,2021,1,16,***,***,16.5,72,0,0,Green
Shek Kong,2021,1,17,***,***,16.3,52,0,0,Green
Shek Kong,2021,1,18,***,***,12.9,48,0,0,Green
Shek Kong,2021,1,19,***,***,15.4,60,0,0,Green
Shek Kong,2021,1,20,***,***,19.3,61,0,0,Green
Shek Kong,2021,1,21,***,***,20.6,70,0,0,Green
Shek Kong,2021,1,22,***,***,20.7,78,0,0,Green
Shek Kong,2021,1,23,***,***,19.3,79,0,0,Green
Shek Kong,2021,1,24,***,***,18,80,0,0,Green
Shek Kong,2021,1,25,***,***,19.7,71,0,0,Green
Shek Kong,2021,1,26,***,***,18.9,82,0,0,Green
Shek Kong,2021,1,27,***,***,19.3,71,0,0,Green
Shek Kong,2021,1,28,***,***,18.2,69,0,0,Green
Shek Kong,2021,1,29,***,***,16,55,0,0,Green
Shek Kong,2021,1,30,***,***,17.2,60,0,0,Green
Shek Kong,2021,1,31,***,***,18.9,59,0,0,Green
Shek Kong,2021,2,1,***,***,19.1,78,0,0,Green
Shek Kong,2021,2,2,***,***,20.1,73,0,0,Green
Shek Kong,2021,2,3,***,***,19.3,59,0,0,Green
Shek Kong,2021,2,4,***,***,19.4,64,0,0,Green
Shek Kong,2021,2,5,***,***,20,67,0,0,Green
Shek Kong,2021,2,6,***,***,18.9,69,0,0,Green
Shek Kong,2021,2,7,***,***,19.4,65,0,0,Green
Shek Kong,2021,2,8,***,***,19.6,72,0,0,Green
Shek Kong,2021,2,9,***,***,18.8,71,0,0,Green
Shek Kong,2021,2,10,***,***,16,92,33,0,Green
Shek Kong,2021,2,11,***,***,16.6,84,0,0,Green
Shek Kong,2021,2,12,***,***,16.8,75,0,0,Green
Shek Kong,2021,2,13,***,***,17.4,79,0,0,Green
Shek Kong,2021,2,14,***,***,18.3,77,0,0,Green
Shek Kong,2021,2,15,***,***,19.8,68,0,0,Green
Shek Kong,2021,2,16,***,***,20.4,68,0,0,Green
Shek Kong,2021,2,17,***,***,19.4,69,0,0,Green
Shek Kong,2021,2,18,***,***,17.9,56,0,0,Green
Shek Kong,2021,2,19,***,***,17.3,67,0,0,Green
Shek Kong,2021,2,20,***,***,17.5,75,0,0,Green
Shek Kong,2021,2,21,***,***,18.4,72,0,0,Green
Shek Kong,2021,2,22,***,***,19.7,77,0,0,Green
Shek Kong,2021,2,23,***,***,21,72,0,0,Green
Shek Kong,2021,2,24,***,***,20.8,74,0,0,Green
Shek Kong,2021,2,25,***,***,20.6,83,3,0,Green
Shek Kong,2021,2,26,***,***,21.8,87,10,0,Green
Shek Kong,2021,2,27,***,***,17,90,4.5,0,Green
Shek Kong,2021,2,28,***,***,20.2,80,0,0,Green
Shek Kong,2021,3,1,***,***,22.6,82,0,0,Green
Shek Kong,2021,3,2,***,***,21.1,70,0,0,Green
Shek Kong,2021,3,3,***,***,18.6,77,0,0,Green
Shek Kong,2021,3,4,***,***,18.7,90,2,0,Green
Shek Kong,2021,3,5,***,***,20.9,90,0,0,Green
Shek Kong,2021,3,6,***,***,22,92,4.5,0,Green
Shek Kong,2021,3,7,***,***,20,91,0,0,Green
Shek Kong,2021,3,8,***,***,19.8,81,0,0,Green
Shek Kong,2021,3,9,***,***,20.3,76,0,0,Green
Shek Kong,2021,3,10,***,***,20.2,76,0,0,Green
Shek Kong,2021,3,11,***,***,22.1,74,0,0,Green
Shek Kong,2021,3,12,***,***,22.9,79,0,0,Green
Shek Kong,2021,3,13,***,***,22.6,72,0,0,Green
Shek Kong,2021,3,14,***,***,21.7,76,0,0,Green
Shek Kong,2021,3,15,***,***,22.7,74,0,0,Green
Shek Kong,2021,3,16,***,***,22.8,80,0,0,Green
Shek Kong,2021,3,17,***,***,23.7,80,0,0,Green
Shek Kong,2021,3,18,***,***,23.7,84,0,0,Green
Shek Kong,2021,3,19,***,***,24,82,0,0,Green
Shek Kong,2021,3,20,***,***,24.2,79,0,0,Green
Shek Kong,2021,3,21,***,***,19.6,72,0,0,Green
Shek Kong,2021,3,22,***,***,16.7,60,0,0,Green
Shek Kong,2021,3,23,***,***,18.1,57,0,0,Green
Shek Kong,2021,3,24,***,***,20.6,65,0,0,Green
Shek Kong,2021,3,25,***,***,22.3,66,0,0,Green
Shek Kong,2021,3,26,***,***,22.1,70,0,0,Green
Shek Kong,2021,3,27,***,***,24.1,78,0,0,Green
Shek Kong,2021,3,28,***,***,24.8,80,0,0,Green
Shek Kong,2021,3,29,***,***,25.6,83,0,0,Green
Shek Kong,2021,3,30,***,***,26.9,77,0,0,Green
Shek Kong,2021,3,31,***,***,26.7,76,0,0,Green
Shek Kong,2021,4,1,***,***,26.9,77,0,0,Green
Shek Kong,2021,4,2,***,***,26.5,79,0,0,Green
Shek Kong,2021,4,3,***,***,26.3,76,0,0,Green
Shek Kong,2021,4,4,***,***,24.3,85,0,0,Green
Shek Kong,2021,4,5,***,***,22.4,84,0,0,Green
Shek Kong,2021,4,6,***,***,24.2,76,0,0,Green
Shek Kong,2021,4,7,***,***,23.4,73,0,0,Green
Shek Kong,2021,4,8,***,***,23.3,72,0,0,Green
Shek Kong,2021,4,9,***,***,19.4,90,8.5,0,Green
Shek Kong,2021,4,10,***,***,22.9,64,0,0,Green
Shek Kong,2021,4,11,***,***,23.6,68,0,0,Green
Shek Kong,2021,4,12,***,***,24.2,79,0,0,Green
Shek Kong,2021,4,13,***,***,25.2,77,0,0,Green
Shek Kong,2021,4,14,***,***,24.6,81,0,0,Green
Shek Kong,2021,4,15,***,***,23,86,1.5,0,Green
Shek Kong,2021,4,16,***,***,23.9,82,0,0,Green
Shek Kong,2021,4,17,***,***,22.9,88,1.5,0,Green
Shek Kong,2021,4,18,***,***,23.9,58,0,0,Green
Shek Kong,2021,4,19,***,***,22.7,62,0,0,Green
Shek Kong,2021,4,20,***,***,23.6,66,0,0,Green
Shek Kong,2021,4,21,***,***,25.2,68,0,0,Green
Shek Kong,2021,4,22,***,***,25.7,70,0,0,Green
Shek Kong,2021,4,23,***,***,27.2,74,0,0,Green
Shek Kong,2021,4,24,***,***,26.3,75,0,0,Green
Shek Kong,2021,4,25,***,***,25,82,0,0,Green
Shek Kong,2021,4,26,***,***,23.5,76,0,0,Green
Shek Kong,2021,4,27,***,***,23.6,88,2.5,0,Green
Shek Kong,2021,4,28,***,***,25.1,83,2.5,0,Green
Shek Kong,2021,4,29,***,***,23.9,72,0.5,0,Green
Shek Kong,2021,4,30,***,***,24.8,74,0,0,Green
Shek Kong,2021,5,1,***,***,26,70,0,0,Green
Shek Kong,2021,5,2,***,***,25.8,77,2.5,0,Green
Shek Kong,2021,5,3,***,***,24.4,85,2,0,Green
Shek Kong,2021,5,4,***,***,27.1,81,49,230,Amber
Shek Kong,2021,5,5,***,***,26.3,83,1.5,0,Green
Shek Kong,2021,5,6,***,***,25.6,77,0,0,Green
Shek Kong,2021,5,7,***,***,26.3,79,0,0,Green
Shek Kong,2021,5,8,***,***,27.8,79,0,0,Green
Shek Kong,2021,5,9,***,***,28.6,78,0,0,Green
Shek Kong,2021,5,10,***,***,28.7,75,0,0,Green
Shek Kong,2021,5,11,***,***,29.2,78,0,0,Green
Shek Kong,2021,5,12,***,***,29.7,79,0,0,Green
Shek Kong,2021,5,13,***,***,29.8,76,0.5,0,Green
Shek Kong,2021,5,14,***,***,29,81,11,0,Green
Shek Kong,2021,5,15,***,***,29.8,75,0,0,Green
Shek Kong,2021,5,16,***,***,30.1,77,0,0,Green
Shek Kong,2021,5,17,***,***,30.2,78,0,0,Green
Shek Kong,2021,5,18,***,***,30,78,0,0,Green
Shek Kong,2021,5,19,***,***,30.2,75,0,0,Green
Shek Kong,2021,5,20,***,***,30.3,76,0,0,Green
Shek Kong,2021,5,21,***,***,30.4,78,0,0,Green
Shek Kong,2021,5,22,***,***,30.5,76,1.5,0,Green
Shek Kong,2021,5,23,***,***,31.1,72,0,0,Green
Shek Kong,2021,5,24,***,***,29.3,82,5,0,Green
Shek Kong,2021,5,25,***,***,28,86,7,0,Green
Shek Kong,2021,5,26,***,***,28.7,86,17.5,0,Green
Shek Kong,2021,5,27,***,***,29.9,80,0,0,Green
Shek Kong,2021,5,28,***,***,30.1,80,0,0,Green
Shek Kong,2021,5,29,***,***,30.1,79,0,0,Green
Shek Kong,2021,5,30,***,***,30.5,80,0,0,Green
Shek Kong,2021,5,31,***,***,29.2,86,1.5,0,Green
Shek Kong,2021,6,1,***,***,26.5,93,44.5,705,Red
Shek Kong,2021,6,2,***,***,27.5,90,3.5,0,Green
Shek Kong,2021,6,3,***,***,30,78,0,0,Green
Shek Kong,2021,6,4,***,***,27.8,87,7.5,0,Green
Shek Kong,2021,6,5,***,***,27,74,0,0,Green
Shek Kong,2021,6,6,***,***,27.8,76,0,0,Green
Shek Kong,2021,6,7,***,***,28.5,77,0,0,Green
Shek Kong,2021,6,8,***,***,29.2,76,0.5,0,Green
Shek Kong,2021,6,9,***,***,27.8,86,17,0,Green
Shek Kong,2021,6,10,***,***,28.7,81,1.5,0,Green
Shek Kong,2021,6,11,***,***,28.8,82,18.5,220,Amber
Shek Kong,2021,6,12,***,***,27.8,86,25,0,Green
Shek Kong,2021,6,13,***,***,28.6,83,2,0,Green
Shek Kong,2021,6,14,***,***,29.6,80,2,0,Green
Shek Kong,2021,6,15,***,***,29.3,82,23,0,Green
Shek Kong,2021,6,16,***,***,30.1,82,0,0,Green
Shek Kong,2021,6,17,***,***,30.5,80,0.5,0,Green
Shek Kong,2021,6,18,***,***,30.3,79,0,0,Green
Shek Kong,2021,6,19,***,***,30.3,81,0,0,Green
Shek Kong,2021,6,20,***,***,30.6,81,0,0,Green
Shek Kong,2021,6,21,***,***,29.8,85,1,0,Green
Shek Kong,2021,6,22,***,***,27,92,42.5,140,Amber
Shek Kong,2021,6,23,***,***,25.6,95,41.5,120,Amber
Shek Kong,2021,6,24,***,***,25.5,97,16.5,235,Amber
Shek Kong,2021,6,25,***,***,26.9,91,0.5,0,Green
Shek Kong,2021,6,26,***,***,27.9,92,5.5,225,Amber
Shek Kong,2021,6,27,***,***,28.9,89,1,0,Green
Shek Kong,2021,6,28,***,***,27.7,92,69.5,725,Black
Shek Kong,2021,6,29,***,***,29.1,88,1,0,Green
Shek Kong,2021,6,30,***,***,29.6,84,0,0,Green
Shek Kong,2021,7,1,***,***,30.1,83,0,0,Green
Shek Kong,2021,7,2,***,***,30.3,81,0,0,Green
Shek Kong,2021,7,3,***,***,30.7,79,0,0,Green
Shek Kong,2021,7,4,***,***,30.6,77,0,0,Green
Shek Kong,2021,7,5,***,***,30.4,75,0,0,Green
Shek Kong,2021,7,6,***,***,30.1,75,0.5,0,Green
Shek Kong,2021,7,7,***,***,29.5,79,7,0,Green
Shek Kong,2021,7,8,***,***,30.3,73,0,0,Green
Shek Kong,2021,7,9,***,***,29.4,78,0,0,Green
Shek Kong,2021,7,10,***,***,29.5,75,0,0,Green
Shek Kong,2021,7,11,***,***,29.7,77,0,0,Green
Shek Kong,2021,7,12,***,***,30.4,77,0,0,Green
Shek Kong,2021,7,13,***,***,30.4,75,0,0,Green
Shek Kong,2021,7,14,***,***,30.1,76,0,0,Green
Shek Kong,2021,7,15,***,***,30.9,72,0,0,Green
Shek Kong,2021,7,16,***,***,28.4,82,0,0,Green
Shek Kong,2021,7,17,***,***,28.2,81,0,0,Green
Shek Kong,2021,7,18,***,***,27.9,83,14,125,Amber
Shek Kong,2021,7,19,***,***,26.4,93,64.5,215,Amber
Shek Kong,2021,7,20,***,***,25.9,95,118.5,400,Amber
Shek Kong,2021,7,21,***,***,27.1,90,7.5,0,Green
Shek Kong,2021,7,22,***,***,29.3,79,0,0,Green
Shek Kong,2021,7,23,***,***,30.3,78,0,0,Green
Shek Kong,2021,7,24,***,***,29.7,83,23,0,Green
Shek Kong,2021,7,25,***,***,29.3,84,18.5,255,Amber
Shek Kong,2021,7,26,***,***,30.4,82,0,0,Green
Shek Kong,2021,7,27,***,***,30.4,81,4.5,0,Green
Shek Kong,2021,7,28,***,***,29.9,83,0,0,Green
Shek Kong,2021,7,29,***,***,28.7,87,1.5,0,Green
Shek Kong,2021,7,30,***,***,28.2,90,11,125,Amber
Shek Kong,2021,7,31,***,***,29.3,88,8.5,0,Green
Shek Kong,2021,8,1,***,***,29.8,83,0,0,Green
Shek Kong,2021,8,2,***,***,29.7,82,0,0,Green
Shek Kong,2021,8,3,***,***,27.9,88,9.5,0,Green
Shek Kong,2021,8,4,***,***,27.9,91,97,505,Amber
Shek Kong,2021,8,5,***,***,27.1,97,15.5,0,Green
Shek Kong,2021,8,6,***,***,28.1,94,47.5,400,Red
Shek Kong,2021,8,7,***,***,28.4,93,4,0,Green
Shek Kong,2021,8,8,***,***,28.5,91,0.5,0,Green
Shek Kong,2021,8,9,***,***,27.7,95,29.5,215,Amber
Shek Kong,2021,8,10,***,***,28.4,92,2,0,Green
Shek Kong,2021,8,11,***,***,29.2,88,18.5,0,Green
Shek Kong,2021,8,12,***,***,29.5,82,0,0,Green
Shek Kong,2021,8,13,***,***,28.2,88,14.5,0,Green
Shek Kong,2021,8,14,***,***,27.5,91,41.5,0,Green
Shek Kong,2021,8,15,***,***,27.7,87,1,0,Green
Shek Kong,2021,8,16,***,***,28.5,85,0.5,0,Green
Shek Kong,2021,8,17,***,***,29.1,81,0,0,Green
Shek Kong,2021,8,18,***,***,28.4,83,0,0,Green
Shek Kong,2021,8,19,***,***,28,87,4,0,Green
Shek Kong,2021,8,20,***,***,29.2,80,0,0,Green
Shek Kong,2021,8,21,***,***,29.8,78,0,0,Green
Shek Kong,2021,8,22,***,***,30.4,74,0,0,Green
Shek Kong,2021,8,23,***,***,29.7,79,0,0,Green
Shek Kong,2021,8,24,***,***,29.5,81,2,0,Green
Shek Kong,2021,8,25,***,***,29.6,80,0,0,Green
Shek Kong,2021,8,26,***,***,29.9,78,0,0,Green
Shek Kong,2021,8,27,***,***,24.9,91,14.5,0,Green
Shek Kong,2021,8,28,***,***,26.2,86,4,0,Green
Shek Kong,2021,8,29,***,***,28.3,82,11.5,210,Amber
Shek Kong,2021,8,30,***,***,28.3,84,0,0,Green
Shek Kong,2021,8,31,***,***,26.5,94,8,0,Green
Shek Kong,2021,9,1,***,***,28.2,92,7,0,Green
Shek Kong,2021,9,2,***,***,28.7,87,0.5,0,Green
Shek Kong,2021,9,3,***,***,28.9,87,0,0,Green
Shek Kong,2021,9,4,***,***,29,87,0,0,Green
Shek Kong,2021,9,5,***,***,28.3,90,0.5,0,Green
Shek Kong,2021,9,6,***,***,28.8,86,0,0,Green
Shek Kong,2021,9,7,***,***,29.1,86,3.5,0,Green
Shek Kong,2021,9,8,***,***,29.1,83,0,0,Green
Shek Kong,2021,9,9,***,***,29.3,82,0,0,Green
Shek Kong,2021,9,10,***,***,30.4,74,0,0,Green
Shek Kong,2021,9,11,***,***,30.2,82,0,0,Green
Shek Kong,2021,9,12,***,***,30.8,85,0,0,Green
Shek Kong,2021,9,13,***,***,30.3,89,0,0,Green
Shek Kong,2021,9,14,***,***,28.3,92,5,0,Green
Shek Kong,2021,9,15,***,***,29.8,81,0,0,Green
Shek Kong,2021,9,16,***,***,28.2,88,1.5,0,Green
Shek Kong,2021,9,17,***,***,27.4,90,43,0,Green
Shek Kong,2021,9,18,***,***,29.2,81,0,0,Green
Shek Kong,2021,9,19,***,***,28.9,86,2.5,0,Green
Shek Kong,2021,9,20,***,***,28.2,88,2.5,0,Green
Shek Kong,2021,9,21,***,***,27.4,89,28,0,Green
Shek Kong,2021,9,22,***,***,29,83,0,0,Green
Shek Kong,2021,9,23,***,***,27.4,92,23.5,0,Green
Shek Kong,2021,9,24,***,***,29,84,3,0,Green
Shek Kong,2021,9,25,***,***,29.4,76,0,0,Green
Shek Kong,2021,9,26,***,***,28.4,76,0,0,Green
Shek Kong,2021,9,27,***,***,28.1,84,0,0,Green
Shek Kong,2021,9,28,***,***,28.9,83,0,0,Green
Shek Kong,2021,9,29,***,***,29,84,0,0,Green
Shek Kong,2021,9,30,***,***,29.4,85,0,0,Green
Shek Kong,2021,10,1,***,***,29.2,86,0,0,Green
Shek Kong,2021,10,2,***,***,28.8,82,0,0,Green
Shek Kong,2021,10,3,***,***,27.9,83,0.5,0,Green
Shek Kong,2021,10,4,***,***,29.1,74,0,0,Green
Shek Kong,2021,10,5,***,***,29.4,73,0,0,Green
Shek Kong,2021,10,6,***,***,29.2,71,0,0,Green
Shek Kong,2021,10,7,***,***,28.4,78,16,1200,Amber
Shek Kong,2021,10,8,***,***,25,97,274.5,805,Black
Shek Kong,2021,10,9,***,***,26.2,94,130.5,805,Amber
Shek Kong,2021,10,10,***,***,26.3,91,29,0,Green
Shek Kong,2021,10,11,***,***,27.3,76,0,0,Green
Shek Kong,2021,10,12,***,***,24.2,71,0,0,Green
Shek Kong,2021,10,13,***,***,24.6,94,96,308,Amber
Shek Kong,2021,10,14,***,***,27.4,90,19.5,0,Green
Shek Kong,2021,10,15,***,***,25.4,92,4.5,0,Green
Shek Kong,2021,10,16,***,***,25.5,80,0,0,Green
Shek Kong,2021,10,17,***,***,22.3,74,0,0,Green
Shek Kong,2021,10,18,***,***,22.2,76,0,0,Green
Shek Kong,2021,10,19,***,***,23.9,83,0,0,Green
Shek Kong,2021,10,20,***,***,25.6,83,0,0,Green
Shek Kong,2021,10,21,***,***,22.2,82,0,0,Green
Shek Kong,2021,10,22,***,***,17.3,82,0,0,Green
Shek Kong,2021,10,23,***,***,18.6,79,0,0,Green
Shek Kong,2021,10,24,***,***,20.5,74,0,0,Green
Shek Kong,2021,10,25,***,***,21.8,72,0,0,Green
Shek Kong,2021,10,26,***,***,24.4,71,0,0,Green
Shek Kong,2021,10,27,***,***,25.4,79,0,0,Green
Shek Kong,2021,10,28,***,***,25.3,79,0,0,Green
Shek Kong,2021,10,29,***,***,25.4,78,0.5,0,Green
Shek Kong,2021,10,30,***,***,23.3,83,0,0,Green
Shek Kong,2021,10,31,***,***,23.1,80,0,0,Green
Shek Kong,2021,11,1,***,***,24.4,80,0,0,Green
Shek Kong,2021,11,2,***,***,24.9,80,0,0,Green
Shek Kong,2021,11,3,***,***,24.5,80,0,0,Green
Shek Kong,2021,11,4,***,***,25.3,79,0,0,Green
Shek Kong,2021,11,5,***,***,25.6,84,0,0,Green
Shek Kong,2021,11,6,***,***,24.8,85,0,0,Green
Shek Kong,2021,11,7,***,***,24.6,87,0,0,Green
Shek Kong,2021,11,8,***,***,18.6,64,5,0,Green
Shek Kong,2021,11,9,***,***,18.1,43,0,0,Green
Shek Kong,2021,11,10,***,***,18.7,42,0,0,Green
Shek Kong,2021,11,11,***,***,18.7,56,0,0,Green
Shek Kong,2021,11,12,***,***,21.2,52,0,0,Green
Shek Kong,2021,11,13,***,***,20.3,54,0,0,Green
Shek Kong,2021,11,14,***,***,19.3,66,0,0,Green
Shek Kong,2021,11,15,***,***,19.6,73,0,0,Green
Shek Kong,2021,11,16,***,***,22.1,75,0,0,Green
Shek Kong,2021,11,17,***,***,22.2,79,0,0,Green
Shek Kong,2021,11,18,***,***,21.2,73,0,0,Green
Shek Kong,2021,11,19,***,***,21.5,85,0,0,Green
Shek Kong,2021,11,20,***,***,23.7,78,0,0,Green
Shek Kong,2021,11,21,***,***,23.5,84,0,0,Green
Shek Kong,2021,11,22,***,***,17.9,81,4.5,0,Green
Shek Kong,2021,11,23,***,***,14.7,64,0,0,Green
Shek Kong,2021,11,24,***,***,17.5,65,0,0,Green
Shek Kong,2021,11,25,***,***,18.2,73,0,0,Green
Shek Kong,2021,11,26,***,***,19,70,0,0,Green
Shek Kong,2021,11,27,***,***,19.2,69,0,0,Green
Shek Kong,2021,11,28,***,***,19,77,0,0,Green
Shek Kong,2021,11,29,***,***,19.5,77,0,0,Green
Shek Kong,2021,11,30,***,***,20.1,64,0,0,Green
Shek Kong,2021,12,1,***,***,15.7,41,0,0,Green
Shek Kong,2021,12,2,***,***,14,52,0,0,Green
Shek Kong,2021,12,3,***,***,15.4,42,0,0,Green
Shek Kong,2021,12,4,***,***,14.7,58,0,0,Green
Shek Kong,2021,12,5,***,***,17,65,0,0,Green
Shek Kong,2021,12,6,***,***,15.4,73,0,0,Green
Shek Kong,2021,12,7,***,***,17.6,77,0,0,Green
Shek Kong,2021,12,8,***,***,20.1,70,0,0,Green
Shek Kong,2021,12,9,***,***,19.4,81,0,0,Green
Shek Kong,2021,12,10,***,***,19.3,83,0,0,Green
Shek Kong,2021,12,11,***,***,21.2,79,0,0,Green
Shek Kong,2021,12,12,***,***,20.2,81,0,0,Green
Shek Kong,2021,12,13,***,***,17.7,75,0,0,Green
Shek Kong,2021,12,14,***,***,20.1,77,0,0,Green
Shek Kong,2021,12,15,***,***,21.4,86,0,0,Green
Shek Kong,2021,12,16,***,***,23.4,88,0,0,Green
Shek Kong,2021,12,17,***,***,20.6,75,0,0,Green
Shek Kong,2021,12,18,***,***,16.8,63,0,0,Green
Shek Kong,2021,12,19,***,***,16.9,53,0,0,Green
Shek Kong,2021,12,20,***,***,15.4,85,12.5,0,Green
Shek Kong,2021,12,21,***,***,14.8,99,6.5,0,Green
Shek Kong,2021,12,22,***,***,18.5,86,0,0,Green
Shek Kong,2021,12,23,***,***,19.8,84,0.5,0,Green
Shek Kong,2021,12,24,***,***,19.1,93,0.5,0,Green
Shek Kong,2021,12,25,***,***,17.8,86,0,0,Green
Shek Kong,2021,12,26,***,***,13.3,85,4,0,Green
Shek Kong,2021,12,27,***,***,9.4,91,4.5,0,Green
Shek Kong,2021,12,28,***,***,13.8,79,0,0,Green
Shek Kong,2021,12,29,***,***,16.9,84,0,0,Green
Shek Kong,2021,12,30,***,***,17.3,84,0,0,Green
Shek Kong,2021,12,31,***,***,17.6,82,0,0,Green
Shek Kong,2022,1,1,***,***,16.6,88,0,0,Green
Shek Kong,2022,1,2,***,***,16.7,86,0,0,Green
Shek Kong,2022,1,3,***,***,17.1,88,0,0,Green
Shek Kong,2022,1,4,***,***,18.6,81,0,0,Green
Shek Kong,2022,1,5,***,***,20.5,86,0,0,Green
Shek Kong,2022,1,6,***,***,19.2,87,0,0,Green
Shek Kong,2022,1,7,***,***,18.3,85,0,0,Green
Shek Kong,2022,1,8,***,***,16.1,86,0,0,Green
Shek Kong,2022,1,9,***,***,17,87,0,0,Green
Shek Kong,2022,1,10,***,***,17.7,85,0,0,Green
Shek Kong,2022,1,11,***,***,14.4,75,3,0,Green
Shek Kong,2022,1,12,***,***,14.9,76,0,0,Green
Shek Kong,2022,1,13,***,***,16.2,65,0,0,Green
Shek Kong,2022,1,14,***,***,16,77,0,0,Green
Shek Kong,2022,1,15,***,***,18.3,86,0,0,Green
Shek Kong,2022,1,16,***,***,18.5,85,0,0,Green
Shek Kong,2022,1,17,***,***,18,87,0,0,Green
Shek Kong,2022,1,18,***,***,16.3,87,0,0,Green
Shek Kong,2022,1,19,***,***,16,77,0,0,Green
Shek Kong,2022,1,20,***,***,16.2,79,0,0,Green
Shek Kong,2022,1,21,***,***,17.4,84,0,0,Green
Shek Kong,2022,1,22,***,***,18.1,92,0.5,0,Green
Shek Kong,2022,1,23,***,***,20.1,89,0.5,0,Green
Shek Kong,2022,1,24,***,***,20.1,92,1,0,Green
Shek Kong,2022,1,25,***,***,18.3,90,0,0,Green
Shek Kong,2022,1,26,***,***,20,86,3.5,0,Green
Shek Kong,2022,1,27,***,***,20.3,91,0,0,Green
Shek Kong,2022,1,28,***,***,18.6,95,0,0,Green
Shek Kong,2022,1,29,***,***,18.1,86,0,0,Green
Shek Kong,2022,1,30,***,***,14.5,69,0,0,Green
Shek Kong,2022,1,31,***,***,11.7,75,0,0,Green
Shek Kong,2022,2,1,***,***,11.4,96,1.5,0,Green
Shek Kong,2022,2,2,***,***,12.8,96,3,0,Green
Shek Kong,2022,2,3,***,***,11.3,94,2,0,Green
Shek Kong,2022,2,4,***,***,13.1,74,0,0,Green
Shek Kong,2022,2,5,***,***,13.8,73,0,0,Green
Shek Kong,2022,2,6,***,***,16.1,78,0,0,Green
Shek Kong,2022,2,7,***,***,16.5,90,1.5,0,Green
Shek Kong,2022,2,8,***,***,15.9,82,0,0,Green
Shek Kong,2022,2,9,***,***,15.3,81,0,0,Green
Shek Kong,2022,2,10,***,***,16.7,85,0,0,Green
Shek Kong,2022,2,11,***,***,19.4,84,0,0,Green
Shek Kong,2022,2,12,***,***,19.6,86,0,0,Green
Shek Kong,2022,2,13,***,***,16.3,93,2.5,0,Green
Shek Kong,2022,2,14,***,***,16.1,80,0.5,0,Green
Shek Kong,2022,2,15,***,***,17.6,83,0,0,Green
Shek Kong,2022,2,16,***,***,17.3,80,0,0,Green
Shek Kong,2022,2,17,***,***,16,91,2,0,Green
Shek Kong,2022,2,18,***,***,16.9,88,0,0,Green
Shek Kong,2022,2,19,***,***,10.8,99,28.5,0,Green
Shek Kong,2022,2,20,***,***,7.1,99,48,0,Green
Shek Kong,2022,2,21,***,***,7.4,100,40,0,Green
Shek Kong,2022,2,22,***,***,8.8,100,34,0,Green
Shek Kong,2022,2,23,***,***,11.3,83,5,0,Green
Shek Kong,2022,2,24,***,***,11.4,79,0,0,Green
Shek Kong,2022,2,25,***,***,14,82,0,0,Green
Shek Kong,2022,2,26,***,***,16.1,83,0,0,Green
Shek Kong,2022,2,27,***,***,17.3,82,0,0,Green
Shek Kong,2022,2,28,***,***,19.4,80,0,0,Green
Shek Kong,2022,3,1,***,***,21.4,84,0,0,Green
Shek Kong,2022,3,2,***,***,20.8,87,0,0,Green
Shek Kong,2022,3,3,***,***,20.6,77,0,0,Green
Shek Kong,2022,3,4,***,***,21.1,84,0,0,Green
Shek Kong,2022,3,5,***,***,21.7,86,0,0,Green
Shek Kong,2022,3,6,***,***,20.1,76,0,0,Green
Shek Kong,2022,3,7,***,***,19.5,75,4.5,0,Green
Shek Kong,2022,3,8,***,***,17.2,56,0,0,Green
Shek Kong,2022,3,9,***,***,19.3,56,0,0,Green
Shek Kong,2022,3,10,***,***,21.1,67,0,0,Green
Shek Kong,2022,3,11,***,***,20.4,83,0,0,Green
Shek Kong,2022,3,12,***,***,21.5,78,0,0,Green
Shek Kong,2022,3,13,***,***,22.9,85,0,0,Green
Shek Kong,2022,3,14,***,***,23.3,87,0,0,Green
Shek Kong,2022,3,15,***,***,23.7,86,0,0,Green
Shek Kong,2022,3,16,***,***,23,87,0,0,Green
Shek Kong,2022,3,17,***,***,24.9,89,0.5,0,Green
Shek Kong,2022,3,18,***,***,24.7,89,0,0,Green
Shek Kong,2022,3,19,***,***,24.4,90,0,0,Green
Shek Kong,2022,3,20,***,***,22.2,94,2.5,0,Green
Shek Kong,2022,3,21,***,***,24.1,94,0,0,Green
Shek Kong,2022,3,22,***,***,25.5,94,0,0,Green
Shek Kong,2022,3,23,***,***,16.1,100,50.5,0,Green
Shek Kong,2022,3,24,***,***,17.8,97,1.5,0,Green
Shek Kong,2022,3,25,***,***,24.1,97,1.5,0,Green
Shek Kong,2022,3,26,***,***,26.6,94,0,0,Green
Shek Kong,2022,3,27,***,***,21.6,85,0,0,Green
Shek Kong,2022,3,28,***,***,16.1,98,41,0,Green
Shek Kong,2022,3,29,***,***,19,87,0,0,Green
Shek Kong,2022,3,30,***,***,23.1,77,0,0,Green
Shek Kong,2022,3,31,***,***,24.7,76,0,0,Green
Shek Kong,2022,4,1,***,***,19.3,83,1.5,0,Green
Shek Kong,2022,4,2,***,***,14,87,1.5,0,Green
Shek Kong,2022,4,3,***,***,18.4,58,0,0,Green
Shek Kong,2022,4,4,***,***,19.8,59,0,0,Green
Shek Kong,2022,4,5,***,***,21,67,0,0,Green
Shek Kong,2022,4,6,***,***,21.9,71,0,0,Green
Shek Kong,2022,4,7,***,***,23.2,67,0,0,Green
Shek Kong,2022,4,8,***,***,23.8,54,0,0,Green
Shek Kong,2022,4,9,***,***,23.9,68,0,0,Green
Shek Kong,2022,4,10,***,***,22.9,75,0,0,Green
Shek Kong,2022,4,11,***,***,24.8,87,0,0,Green
Shek Kong,2022,4,12,***,***,24.7,90,0,0,Green
Shek Kong,2022,4,13,***,***,24.8,93,0,0,Green
Shek Kong,2022,4,14,***,***,25.5,78,0,0,Green
Shek Kong,2022,4,15,***,***,24.4,75,0,0,Green
Shek Kong,2022,4,16,***,***,21.9,80,0,0,Green
Shek Kong,2022,4,17,***,***,21.4,78,0,0,Green
Shek Kong,2022,4,18,***,***,21.2,85,0,0,Green
Shek Kong,2022,4,19,***,***,18,96,1,0,Green
Shek Kong,2022,4,20,***,***,21.8,87,0,0,Green
Shek Kong,2022,4,21,***,***,24.2,85,0,0,Green
Shek Kong,2022,4,22,***,***,25.3,90,0,0,Green
Shek Kong,2022,4,23,***,***,26.9,87,0,0,Green
Shek Kong,2022,4,24,***,***,27.1,87,0,0,Green
Shek Kong,2022,4,25,***,***,27.9,87,0,0,Green
Shek Kong,2022,4,26,***,***,27.7,88,0,0,Green
Shek Kong,2022,4,27,***,***,28.7,84,0,0,Green
Shek Kong,2022,4,28,***,***,28.6,84,0,0,Green
Shek Kong,2022,4,29,***,***,27.7,88,0,0,Green
Shek Kong,2022,4,30,***,***,25.3,92,0,0,Green
Shek Kong,2022,5,1,***,***,19.1,99,36,0,Green
Shek Kong,2022,5,2,***,***,17.7,93,22,0,Green
Shek Kong,2022,5,3,***,***,21.7,75,0,0,Green
Shek Kong,2022,5,4,***,***,24,75,0,0,Green
Shek Kong,2022,5,5,***,***,25,81,0,0,Green
Shek Kong,2022,5,6,***,***,25.1,82,0,0,Green
Shek Kong,2022,5,7,***,***,24.9,85,1.5,0,Green
Shek Kong,2022,5,8,***,***,24.9,73,0,0,Green
Shek Kong,2022,5,9,***,***,25.3,82,0,0,Green
Shek Kong,2022,5,10,***,***,26.1,87,2,0,Green
Shek Kong,2022,5,11,***,***,24.6,99,53.5,0,Green
Shek Kong,2022,5,12,***,***,24.4,100,208,1150,Amber
Shek Kong,2022,5,13,***,***,25.2,97,87,710,Red
Shek Kong,2022,5,14,***,***,24.3,97,3.5,0,Green
Shek Kong,2022,5,15,***,***,22.9,94,19,0,Green
Shek Kong,2022,5,16,***,***,19.2,93,6,0,Green
Shek Kong,2022,5,17,***,***,22.2,78,0,0,Green
Shek Kong,2022,5,18,***,***,24.3,55,0,0,Green
Shek Kong,2022,5,19,***,***,25.9,71,0,0,Green
Shek Kong,2022,5,20,***,***,27.2,80,0,0,Green
Shek Kong,2022,5,21,***,***,26.8,83,0,0,Green
Shek Kong,2022,5,22,***,***,25.1,88,0,0,Green
Shek Kong,2022,5,23,***,***,25,88,0,0,Green
Shek Kong,2022,5,24,***,***,25.7,90,0,0,Green
Shek Kong,2022,5,25,***,***,26.6,88,2.5,0,Green
Shek Kong,2022,5,26,***,***,27.3,88,0,0,Green
Shek Kong,2022,5,27,***,***,26.1,97,103,0,Green
Shek Kong,2022,5,28,***,***,29.1,83,0.5,0,Green
Shek Kong,2022,5,29,***,***,29.3,82,1,0,Green
Shek Kong,2022,5,30,***,***,28.1,87,3.5,0,Green
Shek Kong,2022,5,31,***,***,27.7,89,1.5,0,Green
Shek Kong,2022,6,1,***,***,28.2,90,19.5,0,Green
Shek Kong,2022,6,2,***,***,28.6,89,2,0,Green
Shek Kong,2022,6,3,***,***,28.2,93,8,0,Green
Shek Kong,2022,6,4,***,***,29.2,89,1.5,0,Green
Shek Kong,2022,6,5,***,***,29.7,86,0,0,Green
Shek Kong,2022,6,6,***,***,28,94,35,0,Green
Shek Kong,2022,6,7,***,***,26.7,94,70,355,Amber
Shek Kong,2022,6,8,***,***,24.8,100,84.5,730,Red
Shek Kong,2022,6,9,***,***,26.4,93,11,0,Green
Shek Kong,2022,6,10,***,***,26.5,93,1.5,0,Green
Shek Kong,2022,6,11,***,***,26.2,96,31.5,215,Amber
Shek Kong,2022,6,12,***,***,28.1,91,26.5,0,Green
Shek Kong,2022,6,13,***,***,29,85,0,0,Green
Shek Kong,2022,6,14,***,***,26.8,94,5.5,115,Amber
Shek Kong,2022,6,15,***,***,26.8,90,13,210,Amber
Shek Kong,2022,6,16,***,***,27.5,89,0.5,0,Green
Shek Kong,2022,6,17,***,***,28.9,83,0,0,Green
Shek Kong,2022,6,18,***,***,28.5,86,2.5,0,Green
Shek Kong,2022,6,19,***,***,28.8,87,4,0,Green
Shek Kong,2022,6,20,***,***,28.8,86,2,0,Green
Shek Kong,2022,6,21,***,***,29.1,83,0.5,0,Green
Shek Kong,2022,6,22,***,***,29.8,79,0,0,Green
Shek Kong,2022,6,23,***,***,30.2,75,0,0,Green
Shek Kong,2022,6,24,***,***,29.6,77,0,0,Green
Shek Kong,2022,6,25,***,***,29.5,78,0,0,Green
Shek Kong,2022,6,26,***,***,30,77,0,0,Green
Shek Kong,2022,6,27,***,***,29.7,78,0,0,Green
Shek Kong,2022,6,28,***,***,30.2,73,0,0,Green
Shek Kong,2022,6,29,***,***,29.4,81,1.5,0,Green
Shek Kong,2022,6,30,***,***,27.2,91,18,0,Green
Shek Kong,2022,7,1,***,***,27.4,86,42,220,Amber
Shek Kong,2022,7,2,***,***,27.2,88,90.5,0,Green
Shek Kong,2022,7,3,***,***,29.3,82,0,0,Green
Shek Kong,2022,7,4,***,***,28.1,91,16.5,0,Green
Shek Kong,2022,7,5,***,***,27.9,93,26,0,Green
Shek Kong,2022,7,6,***,***,28,89,5.5,0,Green
Shek Kong,2022,7,7,***,***,28.5,88,0.5,0,Green
Shek Kong,2022,7,8,***,***,29.8,80,0,0,Green
Shek Kong,2022,7,9,***,***,29.7,80,0,0,Green
Shek Kong,2022,7,10,***,***,30.6,76,0,0,Green
Shek Kong,2022,7,11,***,***,30.1,77,0,0,Green
Shek Kong,2022,7,12,***,***,29.6,79,0,0,Green
Shek Kong,2022,7,13,***,***,29.6,76,0,0,Green
Shek Kong,2022,7,14,***,***,29.7,79,0,0,Green
Shek Kong,2022,7,15,***,***,30.2,81,0,0,Green
Shek Kong,2022,7,16,***,***,30.5,81,0,0,Green
Shek Kong,2022,7,17,***,***,30.6,79,0,0,Green
Shek Kong,2022,7,18,***,***,30.7,80,0,0,Green
Shek Kong,2022,7,19,***,***,30.4,79,1,0,Green
Shek Kong,2022,7,20,***,***,30.6,74,0,0,Green
Shek Kong,2022,7,21,***,***,30.4,77,0,0,Green
Shek Kong,2022,7,22,***,***,30.7,72,0,0,Green
Shek Kong,2022,7,23,***,***,31.3,76,0,0,Green
Shek Kong,2022,7,24,***,***,31.8,73,0,0,Green
Shek Kong,2022,7,25,***,***,31.6,77,0,0,Green
Shek Kong,2022,7,26,***,***,31.1,76,0,0,Green
Shek Kong,2022,7,27,***,***,30.5,75,0,0,Green
Shek Kong,2022,7,28,***,***,30.8,76,0,0,Green
Shek Kong,2022,7,29,***,***,30.8,77,0,0,Green
Shek Kong,2022,7,30,***,***,27.1,93,27.5,130,Amber
Shek Kong,2022,7,31,***,***,30.4,82,0.5,0,Green
Shek Kong,2022,8,1,***,***,30.9,75,0,0,Green
Shek Kong,2022,8,2,***,***,30.1,80,6,0,Green
Shek Kong,2022,8,3,***,***,26.9,93,3.5,0,Green
Shek Kong,2022,8,4,***,***,26,97,34,130,Amber
Shek Kong,2022,8,5,***,***,25.7,98,60.5,922,Amber
Shek Kong,2022,8,6,***,***,27.1,95,6.5,0,Green
Shek Kong,2022,8,7,***,***,29.9,80,0,0,Green
Shek Kong,2022,8,8,***,***,27.9,89,15.5,0,Green
Shek Kong,2022,8,9,***,***,26.2,93,86.5,0,Green
Shek Kong,2022,8,10,***,***,27.4,91,89,0,Green
Shek Kong,2022,8,11,***,***,26.9,92,9.5,0,Green
Shek Kong,2022,8,12,***,***,25.1,99,40,335,Amber
Shek Kong,2022,8,13,***,***,28.1,87,0,0,Green
Shek Kong,2022,8,14,***,***,29,84,0,0,Green
Shek Kong,2022,8,15,***,***,29.5,82,0,0,Green
Shek Kong,2022,8,16,***,***,29.4,82,1.5,0,Green
Shek Kong,2022,8,17,***,***,27,94,49,205,Amber
Shek Kong,2022,8,18,***,***,27.8,90,9.5,0,Green
Shek Kong,2022,8,19,***,***,28.1,89,7,0,Green
Shek Kong,2022,8,20,***,***,28.4,82,8.5,0,Green
Shek Kong,2022,8,21,***,***,29.5,82,3,0,Green
Shek Kong,2022,8,22,***,***,30.1,82,0,0,Green
Shek Kong,2022,8,23,***,***,31,82,0,0,Green
Shek Kong,2022,8,24,***,***,30.7,76,7.5,0,Green
Shek Kong,2022,8,25,***,***,26.7,90,56,0,Green
Shek Kong,2022,8,26,***,***,29.5,83,0,0,Green
Shek Kong,2022,8,27,***,***,29.7,83,0,0,Green
Shek Kong,2022,8,28,***,***,29.9,86,0,0,Green
Shek Kong,2022,8,29,***,***,28.7,90,0,0,Green
Shek Kong,2022,8,30,***,***,28,95,25.5,0,Green
Shek Kong,2022,8,31,***,***,28,91,0,0,Green
Shek Kong,2022,9,1,***,***,28,92,15,0,Green
Shek Kong,2022,9,2,***,***,28.2,79,0,0,Green
Shek Kong,2022,9,3,***,***,29,66,0,0,Green
Shek Kong,2022,9,4,***,***,29.5,66,0,0,Green
Shek Kong,2022,9,5,***,***,29.5,68,0,0,Green
Shek Kong,2022,9,6,***,***,29.5,69,0,0,Green
Shek Kong,2022,9,7,***,***,27.8,88,11.5,0,Green
Shek Kong,2022,9,8,***,***,29.4,72,0,0,Green
Shek Kong,2022,9,9,***,***,28.9,67,0,0,Green
Shek Kong,2022,9,10,***,***,27.3,91,2,0,Green
Shek Kong,2022,9,11,***,***,28.6,88,0,0,Green
Shek Kong,2022,9,12,***,***,29.5,78,0,0,Green
Shek Kong,2022,9,13,***,***,29.7,71,0,0,Green
Shek Kong,2022,9,14,***,***,29.5,64,0,0,Green
Shek Kong,2022,9,15,***,***,29.1,73,0,0,Green
Shek Kong,2022,9,16,***,***,29.4,80,0,0,Green
Shek Kong,2022,9,17,***,***,29.5,82,0,0,Green
Shek Kong,2022,9,18,***,***,29.7,87,0.5,0,Green
Shek Kong,2022,9,19,***,***,28.1,84,0,0,Green
Shek Kong,2022,9,20,***,***,28.4,83,0.5,0,Green
Shek Kong,2022,9,21,***,***,28.5,73,2.5,0,Green
Shek Kong,2022,9,22,***,***,28.1,75,0,0,Green
Shek Kong,2022,9,23,***,***,27.6,83,8,0,Green
Shek Kong,2022,9,24,***,***,27.7,79,0,0,Green
Shek Kong,2022,9,25,***,***,28,83,0,0,Green
Shek Kong,2022,9,26,***,***,28.5,81,0,0,Green
Shek Kong,2022,9,27,***,***,29.1,79,0,0,Green
Shek Kong,2022,9,28,***,***,28.9,77,0,0,Green
Shek Kong,2022,9,29,***,***,28.4,83,8.5,0,Green
Shek Kong,2022,9,30,***,***,25.8,96,110,450,Amber
Shek Kong,2022,10,1,***,***,27,92,3,0,Green
Shek Kong,2022,10,2,***,***,28.8,85,0,0,Green
Shek Kong,2022,10,3,***,***,28.6,81,0,0,Green
Shek Kong,2022,10,4,***,***,27.8,86,0,0,Green
Shek Kong,2022,10,5,***,***,28.1,82,0,0,Green
Shek Kong,2022,10,6,***,***,28.7,78,0,0,Green
Shek Kong,2022,10,7,***,***,28.4,79,0,0,Green
Shek Kong,2022,10,8,***,***,26.4,79,0.5,0,Green
Shek Kong,2022,10,9,***,***,27,70,0,0,Green
Shek Kong,2022,10,10,***,***,23.3,56,0,0,Green
Shek Kong,2022,10,11,***,***,22.4,50,0,0,Green
Shek Kong,2022,10,12,***,***,22.8,57,0,0,Green
Shek Kong,2022,10,13,***,***,24.3,68,0,0,Green
Shek Kong,2022,10,14,***,***,26,70,0,0,Green
Shek Kong,2022,10,15,***,***,25.7,63,0,0,Green
Shek Kong,2022,10,16,***,***,27.5,52,0,0,Green
Shek Kong,2022,10,17,***,***,26.6,50,0,0,Green
Shek Kong,2022,10,18,***,***,19.9,74,13,0,Green
Shek Kong,2022,10,19,***,***,21.5,63,0,0,Green
Shek Kong,2022,10,20,***,***,24.4,67,0,0,Green
Shek Kong,2022,10,21,***,***,24.9,72,0,0,Green
Shek Kong,2022,10,22,***,***,25.3,74,0,0,Green
Shek Kong,2022,10,23,***,***,26.1,75,0,0,Green
Shek Kong,2022,10,24,***,***,24.9,74,0,0,Green
Shek Kong,2022,10,25,***,***,23.5,69,0,0,Green
Shek Kong,2022,10,26,***,***,23.8,68,0,0,Green
Shek Kong,2022,10,27,***,***,24.6,73,0,0,Green
Shek Kong,2022,10,28,***,***,25.3,71,0,0,Green
Shek Kong,2022,10,29,***,***,25.4,69,0,0,Green
Shek Kong,2022,10,30,***,***,24.7,64,0,0,Green
Shek Kong,2022,10,31,***,***,25,55,0,0,Green
Shek Kong,2022,11,1,***,***,21.5,72,6.5,0,Green
Shek Kong,2022,11,2,***,***,18.8,98,27.5,0,Green
Shek Kong,2022,11,3,***,***,22.1,98,21,100,Amber
Shek Kong,2022,11,4,***,***,22.8,96,2,0,Green
Shek Kong,2022,11,5,***,***,20.4,93,0.5,0,Green
Shek Kong,2022,11,6,***,***,19.4,97,5.5,0,Green
Shek Kong,2022,11,7,***,***,20.1,97,12,0,Green
Shek Kong,2022,11,8,***,***,21.4,97,5.5,0,Green
Shek Kong,2022,11,9,***,***,23.6,90,0,0,Green
Shek Kong,2022,11,10,***,***,24.1,91,0,0,Green
Shek Kong,2022,11,11,***,***,24.9,86,0,0,Green
Shek Kong,2022,11,12,***,***,23.4,90,0,0,Green
Shek Kong,2022,11,13,***,***,24.1,89,0,0,Green
Shek Kong,2022,11,14,***,***,24.4,83,0,0,Green
Shek Kong,2022,11,15,***,***,24.7,83,0,0,Green
Shek Kong,2022,11,16,***,***,24.5,88,0,0,Green
Shek Kong,2022,11,17,***,***,24.3,89,0,0,Green
Shek Kong,2022,11,18,***,***,23.8,93,0,0,Green
Shek Kong,2022,11,19,***,***,25,85,0,0,Green
Shek Kong,2022,11,20,***,***,24.4,84,0,0,Green
Shek Kong,2022,11,21,***,***,23.9,84,0,0,Green
Shek Kong,2022,11,22,***,***,24,90,0,0,Green
Shek Kong,2022,11,23,***,***,24,98,0.5,0,Green
Shek Kong,2022,11,24,***,***,22.5,98,1.5,0,Green
Shek Kong,2022,11,25,***,***,23.1,95,4.5,0,Green
Shek Kong,2022,11,26,***,***,22.4,94,1.5,0,Green
Shek Kong,2022,11,27,***,***,24.5,88,0,0,Green
Shek Kong,2022,11,28,***,***,25.6,93,12,0,Green
Shek Kong,2022,11,29,***,***,25,90,0,0,Green
Shek Kong,2022,11,30,***,***,20.1,90,0,0,Green
Shek Kong,2022,12,1,***,***,13.5,79,0,0,Green
Shek Kong,2022,12,2,***,***,14.1,74,0,0,Green
Shek Kong,2022,12,3,***,***,17.3,80,0,0,Green
Shek Kong,2022,12,4,***,***,19.4,81,0,0,Green
Shek Kong,2022,12,5,***,***,15.9,73,0,0,Green
Shek Kong,2022,12,6,***,***,14.7,75,0,0,Green
Shek Kong,2022,12,7,***,***,16.7,79,0,0,Green
Shek Kong,2022,12,8,***,***,17.5,84,0,0,Green
Shek Kong,2022,12,9,***,***,17.8,77,0,0,Green
Shek Kong,2022,12,10,***,***,17.4,66,0,0,Green
Shek Kong,2022,12,11,***,***,15.5,65,0,0,Green
Shek Kong,2022,12,12,***,***,15.3,66,0,0,Green
Shek Kong,2022,12,13,***,***,12.9,79,1.5,0,Green
Shek Kong,2022,12,14,***,***,10.8,98,9,0,Green
Shek Kong,2022,12,15,***,***,12.6,99,3.5,0,Green
Shek Kong,2022,12,16,***,***,15,100,11.5,0,Green
Shek Kong,2022,12,17,***,***,12.3,72,13.5,0,Green
Shek Kong,2022,12,18,***,***,10.8,37,0,0,Green
Shek Kong,2022,12,19,***,***,11,61,0,0,Green
Shek Kong,2022,12,20,***,***,16.2,74,0,0,Green
Shek Kong,2022,12,21,***,***,15.5,63,0,0,Green
Shek Kong,2022,12,22,***,***,14.5,48,0,0,Green
Shek Kong,2022,12,23,***,***,13.4,60,0,0,Green
Shek Kong,2022,12,24,***,***,13.9,58,0,0,Green
Shek Kong,2022,12,25,***,***,13.1,71,0,0,Green
Shek Kong,2022,12,26,***,***,14.5,76,0,0,Green
Shek Kong,2022,12,27,***,***,15.5,80,0,0,Green
Shek Kong,2022,12,28,***,***,16.1,80,0,0,Green
Shek Kong,2022,12,29,***,***,14.9,66,0,0,Green
Shek Kong,2022,12,30,***,***,13.2,75,0,0,Green
Shek Kong,2022,12,31,***,***,13.5,79,0,0,Green
Shek Kong,2023,1,1,***,***,14.8,80,0,0,Green
Shek Kong,2023,1,2,***,***,17.4,79,0,0,Green
Shek Kong,2023,1,3,***,***,15.9,81,0,0,Green
Shek Kong,2023,1,4,***,***,16.6,82,0,0,Green
Shek Kong,2023,1,5,***,***,18.3,86,0,0,Green
Shek Kong,2023,1,6,***,***,18.5,73,0,0,Green
Shek Kong,2023,1,7,***,***,18.3,69,0,0,Green
Shek Kong,2023,1,8,***,***,18.8,64,0,0,Green
Shek Kong,2023,1,9,***,***,19.4,84,0,0,Green
Shek Kong,2023,1,10,***,***,17.3,99,5.5,0,Green
Shek Kong,2023,1,11,***,***,18.4,95,1.5,0,Green
Shek Kong,2023,1,12,***,***,20.3,93,0.5,0,Green
Shek Kong,2023,1,13,***,***,22.2,100,5.5,0,Green
Shek Kong,2023,1,14,***,***,22.8,93,0.5,0,Green
Shek Kong,2023,1,15,***,***,16.5,83,0,0,Green
Shek Kong,2023,1,16,***,***,10.5,70,0,0,Green
Shek Kong,2023,1,17,***,***,11.1,79,0,0,Green
Shek Kong,2023,1,18,***,***,12.7,66,0,0,Green
Shek Kong,2023,1,19,***,***,13.9,77,0,0,Green
Shek Kong,2023,1,20,***,***,16.1,71,0,0,Green
Shek Kong,2023,1,21,***,***,17,86,0.5,0,Green
Shek Kong,2023,1,22,***,***,19.3,87,0,0,Green
Shek Kong,2023,1,23,***,***,18.6,91,0,0,Green
Shek Kong,2023,1,24,***,***,14.5,56,0,0,Green
Shek Kong,2023,1,25,***,***,11.8,55,0,0,Green
Shek Kong,2023,1,26,***,***,15.1,77,0,0,Green
Shek Kong,2023,1,27,***,***,14.6,51,0,0,Green
Shek Kong,2023,1,28,***,***,11.6,37,0,0,Green
Shek Kong,2023,1,29,***,***,10.6,48,0,0,Green
Shek Kong,2023,1,30,***,***,12.4,60,0,0,Green
Shek Kong,2023,1,31,***,***,16.8,73,0,0,Green
Shek Kong,2023,2,1,***,***,19.3,87,0,0,Green
Shek Kong,2023,2,2,***,***,18.8,84,0,0,Green
Shek Kong,2023,2,3,***,***,18.9,76,0,0,Green
Shek Kong,2023,2,4,***,***,18,83,0,0,Green
Shek Kong,2023,2,5,***,***,18.5,87,0,0,Green
Shek Kong,2023,2,6,***,***,19.8,91,0,0,Green
Shek Kong,2023,2,7,***,***,21.4,88,0,0,Green
Shek Kong,2023,2,8,***,***,19.2,88,0,0,Green
Shek Kong,2023,2,9,***,***,20.9,85,0,0,Green
Shek Kong,2023,2,10,***,***,21.3,91,0,0,Green
Shek Kong,2023,2,11,***,***,21.1,89,0,0,Green
Shek Kong,2023,2,12,***,***,22.5,88,0,0,Green
Shek Kong,2023,2,13,***,***,23.8,86,0,0,Green
Shek Kong,2023,2,14,***,***,17.3,67,0.5,0,Green
Shek Kong,2023,2,15,***,***,15.4,61,0,0,Green
Shek Kong,2023,2,16,***,***,16.6,60,0,0,Green
Shek Kong,2023,2,17,***,***,18.8,71,0,0,Green
Shek Kong,2023,2,18,***,***,20.4,76,0,0,Green
Shek Kong,2023,2,19,***,***,22.6,74,0,0,Green
Shek Kong,2023,2,20,***,***,20,65,0,0,Green
Shek Kong,2023,2,21,***,***,17.5,69,0,0,Green
Shek Kong,2023,2,22,***,***,17,65,0,0,Green
Shek Kong,2023,2,23,***,***,18,71,0,0,Green
Shek Kong,2023,2,24,***,***,19.6,68,0,0,Green
Shek Kong,2023,2,25,***,***,16.1,57,0,0,Green
Shek Kong,2023,2,26,***,***,16.5,59,0,0,Green
Shek Kong,2023,2,27,***,***,16.2,62,0,0,Green
Shek Kong,2023,2,28,***,***,17.7,70,0,0,Green
Shek Kong,2023,3,1,***,***,18.3,76,0,0,Green
Shek Kong,2023,3,2,***,***,19.5,71,0,0,Green
Shek Kong,2023,3,3,***,***,18.9,56,0,0,Green
Shek Kong,2023,3,4,***,***,19.4,68,0,0,Green
Shek Kong,2023,3,5,***,***,19.5,60,0,0,Green
Shek Kong,2023,3,6,***,***,20,47,0,0,Green
Shek Kong,2023,3,7,***,***,19.7,51,0,0,Green
Shek Kong,2023,3,8,***,***,19.6,78,0,0,Green
Shek Kong,2023,3,9,***,***,21.5,78,0,0,Green
Shek Kong,2023,3,10,***,***,22,65,0,0,Green
Shek Kong,2023,3,11,***,***,21.4,75,0,0,Green
Shek Kong,2023,3,12,***,***,21.8,75,0,0,Green
Shek Kong,2023,3,13,***,***,20.1,61,0,0,Green
Shek Kong,2023,3,14,***,***,19.3,77,0,0,Green
Shek Kong,2023,3,15,***,***,19.8,84,0,0,Green
Shek Kong,2023,3,16,***,***,20.9,73,0,0,Green
Shek Kong,2023,3,17,***,***,22.5,82,0,0,Green
Shek Kong,2023,3,18,***,***,22,83,0,0,Green
Shek Kong,2023,3,19,***,***,21.3,86,0,0,Green
Shek Kong,2023,3,20,***,***,23.3,85,0,0,Green
Shek Kong,2023,3,21,***,***,23.9,93,0,0,Green
Shek Kong,2023,3,22,***,***,24.7,91,0,0,Green
Shek Kong,2023,3,23,***,***,25.3,85,0,0,Green
Shek Kong,2023,3,24,***,***,26,79,0,0,Green
Shek Kong,2023,3,25,***,***,23.5,89,41,300,Amber
Shek Kong,2023,3,26,***,***,19.6,96,8,0,Green
Shek Kong,2023,3,27,***,***,17.7,91,3.5,0,Green
Shek Kong,2023,3,28,***,***,17.8,92,0,0,Green
Shek Kong,2023,3,29,***,***,20.5,84,0,0,Green
Shek Kong,2023,3,30,***,***,21,90,0,0,Green
Shek Kong,2023,3,31,***,***,21.1,89,0.5,0,Green
Shek Kong,2023,4,1,***,***,21.3,87,0,0,Green
Shek Kong,2023,4,2,***,***,21.6,91,6.5,0,Green
Shek Kong,2023,4,3,***,***,21.6,89,0,0,Green
Shek Kong,2023,4,4,***,***,24.6,87,1,0,Green
Shek Kong,2023,4,5,***,***,24.9,95,11.5,0,Green
Shek Kong,2023,4,6,***,***,25.1,92,10,0,Green
Shek Kong,2023,4,7,***,***,21.3,71,1,0,Green
Shek Kong,2023,4,8,***,***,20.1,74,0,0,Green
Shek Kong,2023,4,9,***,***,19.6,77,1,0,Green
Shek Kong,2023,4,10,***,***,22.2,78,0,0,Green
Shek Kong,2023,4,11,***,***,24.8,79,0,0,Green
Shek Kong,2023,4,12,***,***,24.8,79,0,0,Green
Shek Kong,2023,4,13,***,***,24.3,77,0,0,Green
Shek Kong,2023,4,14,***,***,25,84,0,0,Green
Shek Kong,2023,4,15,***,***,26.5,76,0,0,Green
Shek Kong,2023,4,16,***,***,26.5,74,0,0,Green
Shek Kong,2023,4,17,***,***,25.4,83,0,0,Green
Shek Kong,2023,4,18,***,***,26.4,86,1,0,Green
Shek Kong,2023,4,19,***,***,25.3,90,12,200,Amber
Shek Kong,2023,4,20,***,***,24.7,94,6.5,0,Green
Shek Kong,2023,4,21,***,***,24.5,90,22,430,Amber
Shek Kong,2023,4,22,***,***,23.6,89,0,0,Green
Shek Kong,2023,4,23,***,***,24.7,87,0,0,Green
Shek Kong,2023,4,24,***,***,24.1,89,3.5,100,Amber
Shek Kong,2023,4,25,***,***,21.3,98,2.5,0,Green
Shek Kong,2023,4,26,***,***,21.4,72,0,0,Green
Shek Kong,2023,4,27,***,***,23.1,79,0,0,Green
Shek Kong,2023,4,28,***,***,25.4,81,0,0,Green
Shek Kong,2023,4,29,***,***,24.9,87,0,0,Green
Shek Kong,2023,4,30,***,***,24.3,70,0,0,Green
Shek Kong,2023,5,1,***,***,24.4,77,0,0,Green
Shek Kong,2023,5,2,***,***,24.6,73,0,0,Green
Shek Kong,2023,5,3,***,***,26.4,82,0,0,Green
Shek Kong,2023,5,4,***,***,28.2,76,0,0,Green
Shek Kong,2023,5,5,***,***,27.6,80,0,0,Green
Shek Kong,2023,5,6,***,***,28.2,84,0.5,0,Green
Shek Kong,2023,5,7,***,***,25.7,92,40.5,305,Red
Shek Kong,2023,5,8,***,***,22.1,92,10,0,Green
Shek Kong,2023,5,9,***,***,23.5,81,0,0,Green
Shek Kong,2023,5,10,***,***,23.5,71,1,0,Green
Shek Kong,2023,5,11,***,***,23.6,78,1.5,0,Green
Shek Kong,2023,5,12,***,***,23.3,85,3.5,0,Green
Shek Kong,2023,5,13,***,***,21.9,96,14.5,0,Green
Shek Kong,2023,5,14,***,***,20.8,99,34,0,Green
Shek Kong,2023,5,15,***,***,24.1,89,0,0,Green
Shek Kong,2023,5,16,***,***,25.6,86,0,0,Green
Shek Kong,2023,5,17,***,***,27.4,89,14.5,150,Amber
Shek Kong,2023,5,18,***,***,29.4,84,0,0,Green
Shek Kong,2023,5,19,***,***,29.2,82,0,0,Green
Shek Kong,2023,5,20,***,***,29.7,81,0,0,Green
Shek Kong,2023,5,21,***,***,29.7,84,0,0,Green
Shek Kong,2023,5,22,***,***,29.8,81,0,0,Green
Shek Kong,2023,5,23,***,***,26.2,91,78.5,415,Amber
Shek Kong,2023,5,24,***,***,25.7,87,0.5,0,Green
Shek Kong,2023,5,25,***,***,25.5,92,0,0,Green
Shek Kong,2023,5,26,***,***,29.5,76,0,0,Green
Shek Kong,2023,5,27,***,***,28.5,79,0,0,Green
Shek Kong,2023,5,28,***,***,28.7,77,0,0,Green
Shek Kong,2023,5,29,***,***,28.5,74,0,0,Green
Shek Kong,2023,5,30,***,***,***,***,***,0,Green
Shek Kong,2023,5,31,***,***,***,***,***,0,Green
Shek Kong,2023,6,1,***,***,***,***,***,245,Amber
Shek Kong,2023,6,2,***,***,***,***,***,0,Green
Shek Kong,2023,6,3,***,***,***,***,***,0,Green
Shek Kong,2023,6,4,***,***,***,***,***,0,Green
Shek Kong,2023,6,5,***,***,***,***,***,0,Green
Shek Kong,2023,6,6,***,***,***,***,***,315,Amber
Shek Kong,2023,6,7,***,***,***,***,***,0,Green
Shek Kong,2023,6,8,***,***,***,***,***,0,Green
Shek Kong,2023,6,9,***,***,***,***,***,0,Green
Shek Kong,2023,6,10,***,***,***,***,***,115,Amber
Shek Kong,2023,6,11,***,***,***,***,***,0,Green
Shek Kong,2023,6,12,***,***,***,***,***,0,Green
Shek Kong,2023,6,13,***,***,***,***,***,700,Amber
Shek Kong,2023,6,14,***,***,***,***,***,620,Amber
Shek Kong,2023,6,15,***,***,***,***,***,0,Green
Shek Kong,2023,6,16,***,***,***,***,***,420,Amber
Shek Kong,2023,6,17,***,***,***,***,***,335,Red
Shek Kong,2023,6,18,***,***,***,***,***,130,Amber
Shek Kong,2023,6,19,***,***,***,***,***,0,Green
Shek Kong,2023,6,20,***,***,***,***,***,0,Green
Shek Kong,2023,6,21,***,***,***,***,***,0,Green
Shek Kong,2023,6,22,***,***,***,***,***,0,Green
Shek Kong,2023,6,23,***,***,***,***,***,0,Green
Shek Kong,2023,6,24,***,***,***,***,***,0,Green
Shek Kong,2023,6,25,***,***,***,***,***,0,Green
Shek Kong,2023,6,26,***,***,***,***,***,0,Green
Shek Kong,2023,6,27,***,***,***,***,***,0,Green
Shek Kong,2023,6,28,***,***,***,***,***,0,Green
Shek Kong,2023,6,29,***,***,***,***,***,0,Green
Shek Kong,2023,6,30,***,***,***,***,***,0,Green
Shek Kong,2023,7,1,***,***,***,***,***,0,Green
Shek Kong,2023,7,2,***,***,***,***,***,0,Green
Shek Kong,2023,7,3,***,***,***,***,***,0,Green
Shek Kong,2023,7,4,***,***,***,***,***,0,Green
Shek Kong,2023,7,5,***,***,***,***,***,0,Green
Shek Kong,2023,7,6,***,***,***,***,***,0,Green
Shek Kong,2023,7,7,***,***,***,***,***,0,Green
Shek Kong,2023,7,8,***,***,***,***,***,0,Green
Shek Kong,2023,7,9,***,***,***,***,***,0,Green
Shek Kong,2023,7,10,***,***,***,***,***,0,Green
Shek Kong,2023,7,11,***,***,***,***,***,0,Green
Shek Kong,2023,7,12,***,***,***,***,***,0,Green
Shek Kong,2023,7,13,***,***,***,***,***,0,Green
Shek Kong,2023,7,14,***,***,***,***,***,0,Green
Shek Kong,2023,7,15,***,***,***,***,***,0,Green
Shek Kong,2023,7,16,***,***,***,***,***,0,Green
Shek Kong,2023,7,17,***,***,***,***,***,140,Amber
Shek Kong,2023,7,18,***,***,***,***,***,0,Green
Shek Kong,2023,7,19,***,***,***,***,***,0,Green
Shek Kong,2023,7,20,***,***,***,***,***,0,Green
Shek Kong,2023,7,21,***,***,***,***,***,0,Green
Shek Kong,2023,7,22,***,***,***,***,***,0,Green
Shek Kong,2023,7,23,***,***,***,***,***,0,Green
Shek Kong,2023,7,24,***,***,***,***,***,0,Green
Shek Kong,2023,7,25,4.6,280,31.9,66,0,0,Green
Shek Kong,2023,7,26,4.8,110,31.7,72,0,0,Green
Shek Kong,2023,7,27,5.7,110,31.2,73,3,0,Green
Shek Kong,2023,7,28,5,310,31.2,76,0,0,Green
Shek Kong,2023,7,29,4.2,220,28.6,91,38,415,Red
Shek Kong,2023,7,30,6.7,90,28.3,90,6,0,Green
Shek Kong,2023,7,31,9.2,70,28.7,85,4.5,220,Amber
Shek Kong,2023,8,1,3.3,50,28.3,85,0,0,Green
Shek Kong,2023,8,2,6,50,29.4,73,0,0,Green
Shek Kong,2023,8,3,4.5,50,30,75,0,0,Green
Shek Kong,2023,8,4,6.2,70,30.4,81,0.5,0,Green
Shek Kong,2023,8,5,5.3,60,30.2,81,10,0,Green
Shek Kong,2023,8,6,5.5,60,30.5,79,1,0,Green
Shek Kong,2023,8,7,3.4,60,29.3,83,10.5,0,Green
Shek Kong,2023,8,8,3.8,60,29.6,80,0,0,Green
Shek Kong,2023,8,9,4,60,30.1,79,0,0,Green
Shek Kong,2023,8,10,2.8,70,27.9,92,9,0,Green
Shek Kong,2023,8,11,3.8,60,28,88,0,200,Amber
Shek Kong,2023,8,12,4.4,60,28.6,87,10.5,0,Green
Shek Kong,2023,8,13,4.2,70,28.3,89,7.5,110,Amber
Shek Kong,2023,8,14,4.2,70,28.8,91,33.5,0,Green
Shek Kong,2023,8,15,4,70,29.9,84,1.5,0,Green
Shek Kong,2023,8,16,5.6,70,30.5,81,0,0,Green
Shek Kong,2023,8,17,4.2,70,29.5,87,1,0,Green
Shek Kong,2023,8,18,3.6,70,28.5,93,43.5,230,Amber
Shek Kong,2023,8,19,2.9,70,28.2,89,7.5,145,Amber
Shek Kong,2023,8,20,3.4,70,29.1,84,0,0,Green
Shek Kong,2023,8,21,2.9,70,29,85,0,0,Green
Shek Kong,2023,8,22,4,70,29.7,80,0,0,Green
Shek Kong,2023,8,23,4.1,70,30.2,79,0,0,Green
Shek Kong,2023,8,24,4.5,70,28.7,86,2.5,0,Green
Shek Kong,2023,8,25,3.8,70,29,84,0,0,Green
Shek Kong,2023,8,26,2.9,70,29.5,82,0,0,Green
Shek Kong,2023,8,27,3,70,29.2,85,1.5,0,Green
Shek Kong,2023,8,28,3.1,70,29.6,82,0,0,Green
Shek Kong,2023,8,29,4.6,80,27.5,93,24.5,0,Green
Shek Kong,2023,8,30,8.4,80,28.2,75,0,0,Green
Shek Kong,2023,8,31,9.1,***,28.4,76,3.5,0,Green
Shek Kong,2023,9,1,17,***,26.3,86,148.5,515,Amber
Shek Kong,2023,9,2,32.5,***,26.3,94,87,0,Green
Shek Kong,2023,9,3,13,***,29.4,79,3.5,0,Green
Shek Kong,2023,9,4,4.8,***,29.6,80,7.5,0,Green
Shek Kong,2023,9,5,4,***,28,83,0,0,Green
Shek Kong,2023,9,6,4.2,***,29.2,78,0,0,Green
Shek Kong,2023,9,7,2.8,***,27.2,95,72.5,1715,Black
Shek Kong,2023,9,8,8.8,***,25.1,100,291,105,Amber
Shek Kong,2023,9,9,8,***,***,***,3,0,Green
Shek Kong,2023,9,10,6.7,***,***,***,26,230,Amber
Shek Kong,2023,9,11,8.8,***,***,***,2,0,Green
Shek Kong,2023,9,12,5.8,***,***,***,2,0,Green
Shek Kong,2023,9,13,***,***,***,***,1,0,Green
Shek Kong,2023,9,14,***,***,***,***,12,750,Red
Shek Kong,2023,9,15,***,***,***,***,30.5,350,Red
Shek Kong,2023,9,16,***,***,***,***,2.5,0,Green
Shek Kong,2023,9,17,***,***,***,***,0,0,Green
Shek Kong,2023,9,18,***,***,***,***,0,0,Green
Shek Kong,2023,9,19,***,***,***,***,0,0,Green
Shek Kong,2023,9,20,***,***,***,***,0,0,Green
Shek Kong,2023,9,21,***,***,***,***,0,0,Green
Shek Kong,2023,9,22,***,***,***,***,0,0,Green
Shek Kong,2023,9,23,***,***,***,***,0,0,Green
Shek Kong,2023,9,24,***,***,***,***,0,0,Green
Shek Kong,2023,9,25,***,***,***,***,0,0,Green
Shek Kong,2023,9,26,***,***,***,***,0,0,Green
Shek Kong,2023,9,27,***,***,***,***,0,0,Green
Shek Kong,2023,9,28,***,***,***,***,0.5,0,Green
Shek Kong,2023,9,29,***,***,***,***,0,0,Green
Shek Kong,2023,9,30,***,***,***,***,32.5,0,Green
Shek Kong,2023,10,1,***,***,***,***,5.5,0,Green
Shek Kong,2023,10,2,***,***,***,***,0.5,0,Green
Shek Kong,2023,10,3,***,***,***,***,0,0,Green
Shek Kong,2023,10,4,***,***,***,***,0,0,Green
Shek Kong,2023,10,5,***,***,***,***,0,0,Green
Shek Kong,2023,10,6,***,***,***,***,0,0,Green
Shek Kong,2023,10,7,***,***,***,***,0.5,0,Green
Shek Kong,2023,10,8,***,***,***,***,65,530,Amber
Shek Kong,2023,10,9,***,***,***,***,271,1550,Black
Shek Kong,2023,10,10,***,***,***,89,2.5,0,Green
Shek Kong,2023,10,11,***,***,***,78,0,0,Green
Shek Kong,2023,10,12,***,***,***,75,0,0,Green
Shek Kong,2023,10,13,***,***,***,69,0,0,Green
Shek Kong,2023,10,14,***,***,***,68,0,0,Green
Shek Kong,2023,10,15,***,***,***,75,0,0,Green
Shek Kong,2023,10,16,***,***,***,71,0,0,Green
Shek Kong,2023,10,17,***,***,***,58,0,0,Green
Shek Kong,2023,10,18,***,***,***,83,13,0,Green
Shek Kong,2023,10,19,***,***,***,90,1.5,0,Green
Shek Kong,2023,10,20,***,***,***,86,3,0,Green
Shek Kong,2023,10,21,***,***,***,80,0.5,0,Green
Shek Kong,2023,10,22,***,***,***,76,0,0,Green
Shek Kong,2023,10,23,***,***,***,78,0,0,Green
Shek Kong,2023,10,24,***,***,***,77,0,0,Green
Shek Kong,2023,10,25,5.9,90,26.5,84,0,0,Green
Shek Kong,2023,10,26,6.9,80,25.5,78,0,0,Green
Shek Kong,2023,10,27,3.6,100,25.4,84,3.5,0,Green
Shek Kong,2023,10,28,4.5,100,25,90,7,0,Green
Shek Kong,2023,10,29,8.4,90,25.1,81,0,0,Green
Shek Kong,2023,10,30,4.8,60,24.9,81,1,0,Green
Shek Kong,2023,10,31,7.4,100,24.9,75,0,0,Green
Shek Kong,2023,11,1,4.8,90,24.8,74,0,0,Green
Shek Kong,2023,11,2,5.5,100,24.5,80,0,0,Green
Shek Kong,2023,11,3,4.6,100,24.8,82,0,0,Green
Shek Kong,2023,11,4,4.5,100,25.1,78,0,0,Green
Shek Kong,2023,11,5,4,100,25.1,82,0,0,Green
Shek Kong,2023,11,6,6.1,100,25.4,74,0,0,Green
Shek Kong,2023,11,7,7.9,90,24.2,72,0,0,Green
Shek Kong,2023,11,8,16.4,90,25.2,76,0,0,Green
Shek Kong,2023,11,9,14.9,80,25.6,81,0,0,Green
Shek Kong,2023,11,10,6.1,100,26.5,84,0,0,Green
Shek Kong,2023,11,11,11.8,90,24.7,89,9,0,Green
Shek Kong,2023,11,12,11.9,50,23.4,77,0.5,0,Green
Shek Kong,2023,11,13,12.3,50,20.2,69,0,0,Green
Shek Kong,2023,11,14,9.5,60,19.3,70,0,0,Green
Shek Kong,2023,11,15,10,70,21,75,0,0,Green
Shek Kong,2023,11,16,8.8,50,19.8,74,0,0,Green
Shek Kong,2023,11,17,12.5,50,17.3,42,0,0,Green
Shek Kong,2023,11,18,5.1,100,16.6,53,0,0,Green
Shek Kong,2023,11,19,3.7,90,18.3,67,0,0,Green
Shek Kong,2023,11,20,4.6,100,18.5,71,0,0,Green
Shek Kong,2023,11,21,5.5,90,19.9,75,0,0,Green
Shek Kong,2023,11,22,2.8,100,20.2,81,0,0,Green
Shek Kong,2023,11,23,2.5,100,20.8,82,0,0,Green
Shek Kong,2023,11,24,10.2,100,21.4,74,0,0,Green
Shek Kong,2023,11,25,10.3,100,21.6,64,0,0,Green
Shek Kong,2023,11,26,5.4,20,20.8,71,0,0,Green
Shek Kong,2023,11,27,3.7,170,20.3,75,0,0,Green
Shek Kong,2023,11,28,7.4,90,21.8,63,0,0,Green
Shek Kong,2023,11,29,9.8,90,22.6,72,0,0,Green
Shek Kong,2023,11,30,6.2,90,22.8,78,0,0,Green
Shek Kong,2023,12,1,12.7,50,20.3,68,0,0,Green
Shek Kong,2023,12,2,7.3,60,19.1,68,0,0,Green
Shek Kong,2023,12,3,7.3,70,21.2,70,0,0,Green
Shek Kong,2023,12,4,5.8,70,21.6,72,0,0,Green
Shek Kong,2023,12,5,4.4,60,21,75,0,0,Green
Shek Kong,2023,12,6,6.1,60,20.1,72,0,0,Green
Shek Kong,2023,12,7,4.4,100,18.3,56,0,0,Green
Shek Kong,2023,12,8,4.6,110,19.2,70,0,0,Green
Shek Kong,2023,12,9,4.5,100,22.5,82,0,0,Green
Shek Kong,2023,12,10,7,100,23.8,80,0,0,Green
Shek Kong,2023,12,11,2.8,110,24.3,83,0,0,Green
Shek Kong,2023,12,12,7.5,40,23.6,82,1,0,Green
Shek Kong,2023,12,13,12,90,22.3,84,0.5,0,Green
Shek Kong,2023,12,14,10.2,80,23.8,79,0,0,Green
Shek Kong,2023,12,15,5,100,24.5,81,0,0,Green
Shek Kong,2023,12,16,16.1,50,16.7,71,4,0,Green
Shek Kong,2023,12,17,14.2,50,11,69,0,0,Green
Shek Kong,2023,12,18,6.4,70,14.8,77,0,0,Green
Shek Kong,2023,12,19,8.5,70,14.9,75,0,0,Green
Shek Kong,2023,12,20,15.2,60,11.8,63,0,0,Green
Shek Kong,2023,12,21,18,50,9.6,63,0,0,Green
Shek Kong,2023,12,22,12,60,9.3,44,0,0,Green
Shek Kong,2023,12,23,11,60,9.9,51,0,0,Green
Shek Kong,2023,12,24,11.2,70,11.6,50,0,0,Green
Shek Kong,2023,12,25,9,70,13,46,0,0,Green
Shek Kong,2023,12,26,2.4,50,14.6,64,0,0,Green
Shek Kong,2023,12,27,2.5,110,17.5,68,0,0,Green
Shek Kong,2023,12,28,4,90,19.8,71,0,0,Green
Shek Kong,2023,12,29,7.1,90,18.7,80,0,0,Green
Shek Kong,2023,12,30,3.1,300,19.4,80,0,0,Green
Shek Kong,2023,12,31,5.8,100,21.3,75,0,0,Green
Shek Kong,2024,1,1,16.6,90,20.8,69,0,0,Green
Shek Kong,2024,1,2,12.6,90,18.6,74,0,0,Green
Shek Kong,2024,1,3,9.5,60,18.1,66,0,0,Green
Shek Kong,2024,1,4,6.8,90,15.5,68,0,0,Green
Shek Kong,2024,1,5,2.5,100,17.6,80,0,0,Green
Shek Kong,2024,1,6,2.4,100,18.9,80,0,0,Green
Shek Kong,2024,1,7,12.1,90,19.6,71,0,0,Green
Shek Kong,2024,1,8,11.2,90,19.8,68,0,0,Green
Shek Kong,2024,1,9,4.1,100,20.8,76,0,0,Green
Shek Kong,2024,1,10,9.2,40,19.7,67,0,0,Green
Shek Kong,2024,1,11,7.2,100,18.6,66,0,0,Green
Shek Kong,2024,1,12,3.4,120,17.9,78,0,0,Green
Shek Kong,2024,1,13,7.3,80,18.8,55,0,0,Green
Shek Kong,2024,1,14,7.6,100,20.4,59,0,0,Green
Shek Kong,2024,1,15,12.9,90,19.8,71,0,0,Green
Shek Kong,2024,1,16,16.2,90,19.2,71,0,0,Green
Shek Kong,2024,1,17,6.7,80,18.8,74,0,0,Green
Shek Kong,2024,1,18,7.3,90,20.7,77,0,0,Green
Shek Kong,2024,1,19,8.2,90,20,81,0,0,Green
Shek Kong,2024,1,20,4.5,330,20.3,79,0,0,Green
Shek Kong,2024,1,21,12,60,17.5,65,0,0,Green
Shek Kong,2024,1,22,14.9,50,13.2,70,0,0,Green
Shek Kong,2024,1,23,17.1,60,6.3,74,3,0,Green
Shek Kong,2024,1,24,13.5,50,7.4,55,0,0,Green
Shek Kong,2024,1,25,10,60,11.2,50,0,0,Green
Shek Kong,2024,1,26,8.4,50,14,55,0,0,Green
Shek Kong,2024,1,27,10.5,60,14,63,0.5,0,Green
Shek Kong,2024,1,28,10.9,60,11.7,84,1.5,0,Green
Shek Kong,2024,1,29,4.8,70,14.8,82,0,0,Green
Shek Kong,2024,1,30,3.6,100,18.8,88,0,0,Green
Shek Kong,2024,1,31,7.4,100,20.8,88,0,0,Green
Shek Kong,2024,2,1,4.1,100,22.3,87,0,0,Green
Shek Kong,2024,2,2,8.6,80,22.3,84,0,0,Green
Shek Kong,2024,2,3,13.3,90,21.5,80,0,0,Green
Shek Kong,2024,2,4,6.4,100,21.1,87,0,0,Green
Shek Kong,2024,2,5,5.6,100,20.7,84,0,0,Green
Shek Kong,2024,2,6,14.6,80,20.5,81,0,0,Green
Shek Kong,2024,2,7,9.5,60,15.8,91,0.5,0,Green
Shek Kong,2024,2,8,12.4,60,10.3,86,2,0,Green
Shek Kong,2024,2,9,11.3,60,11.2,77,2,0,Green
Shek Kong,2024,2,10,7,40,14,67,0,0,Green
Shek Kong,2024,2,11,4.9,90,15.7,60,0,0,Green
Shek Kong,2024,2,12,12.2,90,18.1,44,0,0,Green
Shek Kong,2024,2,13,8.5,90,19.3,73,0,0,Green
Shek Kong,2024,2,14,4.4,100,19.5,82,0,0,Green
Shek Kong,2024,2,15,4,110,21.6,74,0,0,Green
Shek Kong,2024,2,16,12.4,90,19.7,79,0,0,Green
Shek Kong,2024,2,17,9.9,80,20.5,77,0,0,Green
Shek Kong,2024,2,18,5.1,90,23,78,0,0,Green
Shek Kong,2024,2,19,3.9,180,23.4,82,0,0,Green
Shek Kong,2024,2,20,6.4,170,25.4,78,0,0,Green
Shek Kong,2024,2,21,5.6,230,25.1,78,0,0,Green
Shek Kong,2024,2,22,3.7,90,23.9,82,0,0,Green
Shek Kong,2024,2,23,9.4,50,19.7,80,0,0,Green
Shek Kong,2024,2,24,12.4,60,17.1,71,0,0,Green
Shek Kong,2024,2,25,12.3,60,15.1,69,0,0,Green
Shek Kong,2024,2,26,8.2,60,16.9,70,0,0,Green
Shek Kong,2024,2,27,9,60,16.9,65,0,0,Green
Shek Kong,2024,2,28,12.3,80,18.6,82,0,0,Green
Shek Kong,2024,2,29,7.3,290,17.2,86,0,0,Green
Shek Kong,2024,3,1,14.9,60,11.4,72,0,0,Green
Shek Kong,2024,3,2,11.2,60,10.8,75,2,0,Green
Shek Kong,2024,3,3,7.1,90,16.3,80,0,0,Green
Shek Kong,2024,3,4,14.2,160,22.2,82,0,0,Green
Shek Kong,2024,3,5,7.9,200,25.4,84,1.5,0,Green
Shek Kong,2024,3,6,5.8,60,23.1,83,0,0,Green
Shek Kong,2024,3,7,8.9,50,17.5,74,1,0,Green
Shek Kong,2024,3,8,12.7,90,18.8,63,0,0,Green
Shek Kong,2024,3,9,15.2,90,16.4,73,1.5,0,Green
Shek Kong,2024,3,10,15.5,80,15.8,87,4,0,Green
Shek Kong,2024,3,11,7.6,60,16.8,95,12,0,Green
Shek Kong,2024,3,12,8.9,80,18.6,65,0.5,0,Green
Shek Kong,2024,3,13,13,70,19.2,65,0,0,Green
Shek Kong,2024,3,14,13.9,70,21,71,0,0,Green
Shek Kong,2024,3,15,13.7,70,21.2,80,0,0,Green
Shek Kong,2024,3,16,7.2,100,21.9,87,0,0,Green
Shek Kong,2024,3,17,3.1,100,23,85,0,0,Green
Shek Kong,2024,3,18,7.1,100,21.7,88,0,0,Green
Shek Kong,2024,3,19,8.3,50,20.5,73,0.5,0,Green
Shek Kong,2024,3,20,12,90,20.6,53,0,0,Green
Shek Kong,2024,3,21,13.7,90,21.1,59,0,0,Green
Shek Kong,2024,3,22,6.5,170,23.6,75,0,0,Green
Shek Kong,2024,3,23,6.1,170,25.4,77,0,0,Green
Shek Kong,2024,3,24,6.5,180,26.8,73,0,0,Green
Shek Kong,2024,3,25,4.4,230,25.8,79,0,0,Green
Shek Kong,2024,3,26,6.2,90,26.1,77,0,0,Green
Shek Kong,2024,3,27,16.1,90,23,80,0,0,Green
Shek Kong,2024,3,28,4.4,80,24.8,80,0,0,Green
Shek Kong,2024,3,29,3.8,270,25.8,79,0,0,Green
Shek Kong,2024,3,30,5.6,180,26.6,78,0,0,Green
Shek Kong,2024,3,31,6.1,210,27.2,86,0,0,Green
